Page,Clicks,Impressions,CTR,Position
"https://spotonauto.com/",4,201,1.99%,12.5
"https://spotonauto.com/repair/2009/bmw/x5/serpentine-belt-replacement",2,17,11.76%,29.2
"https://spotonauto.com/repair/1982/toyota/tacoma/radiator-replacement",1,3,33.33%,4.3
"https://spotonauto.com/repair/1987/chevrolet/suburban/oil-change",1,1,100.00%,8.0
"https://spotonauto.com/repair/1989/honda/accord/brake-pad-replacement",1,5,20.00%,6.0
"https://spotonauto.com/repair/1990/chevrolet/silverado/headlight-bulb-replacement",1,1,100.00%,16.0
"https://spotonauto.com/repair/1990/honda/civic/battery-replacement",1,3,33.33%,7.7
"https://spotonauto.com/repair/1991/chevrolet/silverado/serpentine-belt-replacement",1,16,6.25%,7.5
"https://spotonauto.com/repair/1992/bmw/5-series/headlight-bulb-replacement",1,1,100.00%,2.0
"https://spotonauto.com/repair/1993/toyota/corolla/cabin-air-filter-replacement",1,5,20.00%,5.2
"https://spotonauto.com/repair/1994/toyota/corolla/cabin-air-filter-replacement",1,4,25.00%,6.5
"https://spotonauto.com/repair/1995/ford/f-150/brake-rotor-replacement",1,6,16.67%,9.3
"https://spotonauto.com/repair/1995/mercedes/c-class/battery-replacement",1,5,20.00%,6.6
"https://spotonauto.com/repair/1996/honda/odyssey/cabin-air-filter-replacement",1,1,100.00%,8.0
"https://spotonauto.com/repair/1997/ford/f-150/starter-replacement",1,6,16.67%,18.2
"https://spotonauto.com/repair/1997/hyundai/sonata/serpentine-belt-replacement",1,9,11.11%,7.1
"https://spotonauto.com/repair/1997/jeep/cherokee/brake-rotor-replacement",1,3,33.33%,6.7
"https://spotonauto.com/repair/1998/nissan/sentra/cabin-air-filter-replacement",1,3,33.33%,5.0
"https://spotonauto.com/repair/1999/toyota/tundra/headlight-bulb-replacement",1,1,100.00%,4.0
"https://spotonauto.com/repair/2000/chevrolet/impala/battery-replacement",1,9,11.11%,14.4
"https://spotonauto.com/repair/2000/ford/f-150/alternator-replacement",1,1,100.00%,132.0
"https://spotonauto.com/repair/2001/nissan/pathfinder/water-pump-replacement",1,13,7.69%,13.0
"https://spotonauto.com/repair/2002/ford/explorer/starter-replacement",1,2,50.00%,7.0
"https://spotonauto.com/repair/2002/hyundai/santa-fe/spark-plug-replacement",1,10,10.00%,6.0
"https://spotonauto.com/repair/2002/toyota/prius/oil-change",1,4,25.00%,5.8
"https://spotonauto.com/repair/2003/toyota/corolla/alternator-replacement",1,9,11.11%,39.4
"https://spotonauto.com/repair/2003/toyota/tacoma/thermostat-replacement",1,12,8.33%,6.3
"https://spotonauto.com/repair/2004/ford/focus/serpentine-belt-replacement",1,1,100.00%,6.0
"https://spotonauto.com/repair/2004/honda/accord/alternator-replacement",1,2,50.00%,5.5
"https://spotonauto.com/repair/2004/kia/optima/cabin-air-filter-replacement",1,2,50.00%,6.5
"https://spotonauto.com/repair/2004/toyota/highlander/starter-replacement",1,9,11.11%,5.0
"https://spotonauto.com/repair/2005/hyundai/santa-fe/water-pump-replacement",1,2,50.00%,7.0
"https://spotonauto.com/repair/2006/kia/optima/thermostat-replacement",1,4,25.00%,7.5
"https://spotonauto.com/repair/2006/toyota/highlander/radiator-replacement",1,2,50.00%,16.0
"https://spotonauto.com/repair/2007/chevrolet/equinox/spark-plug-replacement",1,9,11.11%,9.6
"https://spotonauto.com/repair/2007/ford/fusion/serpentine-belt-replacement",1,5,20.00%,7.6
"https://spotonauto.com/repair/2007/toyota/highlander/thermostat-replacement",1,18,5.56%,6.4
"https://spotonauto.com/repair/2008/bmw/5-series/starter-replacement",1,9,11.11%,30.3
"https://spotonauto.com/repair/2008/honda/fit/brake-rotor-replacement",1,3,33.33%,10.0
"https://spotonauto.com/repair/2008/nissan/sentra/thermostat-replacement",1,1,100.00%,7.0
"https://spotonauto.com/repair/2009/bmw/x3/serpentine-belt-replacement",1,8,12.50%,13.3
"https://spotonauto.com/repair/2009/ford/fusion/alternator-replacement",1,8,12.50%,7.8
"https://spotonauto.com/repair/2009/kia/sorento/engine-air-filter-replacement",1,2,50.00%,9.5
"https://spotonauto.com/repair/2009/kia/sorento/water-pump-replacement",1,3,33.33%,6.3
"https://spotonauto.com/repair/2009/toyota/prius/headlight-bulb-replacement",1,1,100.00%,20.0
"https://spotonauto.com/repair/2009/toyota/rav4/starter-replacement",1,16,6.25%,8.6
"https://spotonauto.com/repair/2010/chevrolet/silverado/alternator-replacement",1,4,25.00%,7.3
"https://spotonauto.com/repair/2010/nissan/sentra/alternator-replacement",1,8,12.50%,13.4
"https://spotonauto.com/repair/2011/ford/explorer/alternator-replacement",1,5,20.00%,22.8
"https://spotonauto.com/repair/2011/honda/pilot/starter-replacement",1,7,14.29%,8.6
"https://spotonauto.com/repair/2011/hyundai/tucson/serpentine-belt-replacement",1,14,7.14%,7.1
"https://spotonauto.com/repair/2011/kia/soul/alternator-replacement",1,9,11.11%,5.6
"https://spotonauto.com/repair/2011/subaru/forester/oil-change",1,1,100.00%,9.0
"https://spotonauto.com/repair/2011/subaru/forester/thermostat-replacement",1,11,9.09%,7.1
"https://spotonauto.com/repair/2012/hyundai/elantra/thermostat-replacement",1,4,25.00%,8.5
"https://spotonauto.com/repair/2012/toyota/tacoma/alternator-replacement",1,2,50.00%,61.0
"https://spotonauto.com/repair/2013/bmw/x3/alternator-replacement",1,12,8.33%,7.9
"https://spotonauto.com/repair/2013/ford/edge/starter-replacement",1,6,16.67%,8.0
"https://spotonauto.com/repair/2013/honda/civic/battery-replacement",1,4,25.00%,10.8
"https://spotonauto.com/repair/2013/hyundai/elantra/starter-replacement",1,9,11.11%,8.7
"https://spotonauto.com/repair/2013/hyundai/elantra/thermostat-replacement",1,11,9.09%,8.5
"https://spotonauto.com/repair/2013/subaru/outback/thermostat-replacement",1,3,33.33%,8.7
"https://spotonauto.com/diagnose",0,3,0.00%,2.0
"https://spotonauto.com/repair/1982/bmw/x3/thermostat-replacement",0,1,0.00%,85.0
"https://spotonauto.com/repair/1982/chevrolet/malibu/serpentine-belt-replacement",0,1,0.00%,11.0
"https://spotonauto.com/repair/1982/chevrolet/silverado/serpentine-belt-replacement",0,1,0.00%,5.0
"https://spotonauto.com/repair/1982/chevrolet/silverado/spark-plug-replacement",0,1,0.00%,136.0
"https://spotonauto.com/repair/1982/chevrolet/suburban/brake-rotor-replacement",0,1,0.00%,6.0
"https://spotonauto.com/repair/1982/ford/f-150/brake-pad-replacement",0,2,0.00%,2.0
"https://spotonauto.com/repair/1982/ford/f-150/spark-plug-replacement",0,1,0.00%,7.0
"https://spotonauto.com/repair/1982/honda/civic/alternator-replacement",0,5,0.00%,24.0
"https://spotonauto.com/repair/1982/honda/fit/thermostat-replacement",0,2,0.00%,30.0
"https://spotonauto.com/repair/1982/honda/pilot/radiator-replacement",0,1,0.00%,79.0
"https://spotonauto.com/repair/1982/nissan/pathfinder/battery-replacement",0,1,0.00%,87.0
"https://spotonauto.com/repair/1982/nissan/sentra/serpentine-belt-replacement",0,1,0.00%,50.0
"https://spotonauto.com/repair/1982/nissan/versa/starter-replacement",0,1,0.00%,9.0
"https://spotonauto.com/repair/1982/subaru/forester/water-pump-replacement",0,1,0.00%,63.0
"https://spotonauto.com/repair/1982/subaru/outback/starter-replacement",0,1,0.00%,61.0
"https://spotonauto.com/repair/1982/toyota/prius/brake-pad-replacement",0,1,0.00%,4.0
"https://spotonauto.com/repair/1982/toyota/sienna/battery-replacement",0,1,0.00%,59.0
"https://spotonauto.com/repair/1982/toyota/sienna/engine-air-filter-replacement",0,1,0.00%,4.0
"https://spotonauto.com/repair/1982/toyota/tacoma/headlight-bulb-replacement",0,1,0.00%,40.0
"https://spotonauto.com/repair/1982/toyota/tacoma/spark-plug-replacement",0,1,0.00%,9.0
"https://spotonauto.com/repair/1983/bmw/5-series/water-pump-replacement",0,2,0.00%,77.0
"https://spotonauto.com/repair/1983/bmw/x3/oil-change",0,4,0.00%,79.5
"https://spotonauto.com/repair/1983/bmw/x5/brake-pad-replacement",0,2,0.00%,83.0
"https://spotonauto.com/repair/1983/bmw/x5/engine-air-filter-replacement",0,1,0.00%,70.0
"https://spotonauto.com/repair/1983/bmw/x5/serpentine-belt-replacement",0,5,0.00%,66.8
"https://spotonauto.com/repair/1983/chevrolet/equinox/brake-rotor-replacement",0,1,0.00%,36.0
"https://spotonauto.com/repair/1983/chevrolet/equinox/radiator-replacement",0,1,0.00%,18.0
"https://spotonauto.com/repair/1983/chevrolet/impala/oil-change",0,1,0.00%,4.0
"https://spotonauto.com/repair/1983/chevrolet/impala/serpentine-belt-replacement",0,1,0.00%,39.0
"https://spotonauto.com/repair/1983/chevrolet/silverado/engine-air-filter-replacement",0,1,0.00%,8.0
"https://spotonauto.com/repair/1983/chevrolet/silverado/thermostat-replacement",0,1,0.00%,3.0
"https://spotonauto.com/repair/1983/chevrolet/silverado/water-pump-replacement",0,1,0.00%,3.0
"https://spotonauto.com/repair/1983/chevrolet/tahoe/thermostat-replacement",0,1,0.00%,49.0
"https://spotonauto.com/repair/1983/ford/edge/starter-replacement",0,6,0.00%,38.5
"https://spotonauto.com/repair/1983/ford/edge/thermostat-replacement",0,1,0.00%,13.0
"https://spotonauto.com/repair/1983/ford/escape/alternator-replacement",0,1,0.00%,91.0
"https://spotonauto.com/repair/1983/ford/escape/serpentine-belt-replacement",0,1,0.00%,48.0
"https://spotonauto.com/repair/1983/ford/f-150/radiator-replacement",0,3,0.00%,18.7
"https://spotonauto.com/repair/1983/ford/mustang/brake-rotor-replacement",0,1,0.00%,2.0
"https://spotonauto.com/repair/1983/honda/civic/serpentine-belt-replacement",0,6,0.00%,42.7
"https://spotonauto.com/repair/1983/honda/cr-v/serpentine-belt-replacement",0,1,0.00%,33.0
"https://spotonauto.com/repair/1983/honda/fit/brake-pad-replacement",0,1,0.00%,49.0
"https://spotonauto.com/repair/1983/honda/fit/serpentine-belt-replacement",0,2,0.00%,39.0
"https://spotonauto.com/repair/1983/hyundai/tucson/starter-replacement",0,1,0.00%,6.0
"https://spotonauto.com/repair/1983/jeep/grand-cherokee/serpentine-belt-replacement",0,1,0.00%,47.0
"https://spotonauto.com/repair/1983/kia/soul/starter-replacement",0,4,0.00%,54.3
"https://spotonauto.com/repair/1983/nissan/pathfinder/starter-replacement",0,1,0.00%,9.0
"https://spotonauto.com/repair/1983/nissan/sentra/starter-replacement",0,3,0.00%,40.3
"https://spotonauto.com/repair/1983/nissan/versa/spark-plug-replacement",0,1,0.00%,62.0
"https://spotonauto.com/repair/1983/subaru/forester/engine-air-filter-replacement",0,2,0.00%,69.5
"https://spotonauto.com/repair/1983/subaru/forester/thermostat-replacement",0,2,0.00%,55.5
"https://spotonauto.com/repair/1983/subaru/outback/starter-replacement",0,2,0.00%,45.0
"https://spotonauto.com/repair/1983/subaru/outback/water-pump-replacement",0,4,0.00%,6.5
"https://spotonauto.com/repair/1983/toyota/camry/spark-plug-replacement",0,2,0.00%,18.5
"https://spotonauto.com/repair/1983/toyota/corolla/alternator-replacement",0,6,0.00%,56.8
"https://spotonauto.com/repair/1983/toyota/corolla/battery-replacement",0,1,0.00%,94.0
"https://spotonauto.com/repair/1983/toyota/highlander/starter-replacement",0,3,0.00%,9.3
"https://spotonauto.com/repair/1983/toyota/prius/brake-rotor-replacement",0,1,0.00%,11.0
"https://spotonauto.com/repair/1983/toyota/prius/starter-replacement",0,1,0.00%,7.0
"https://spotonauto.com/repair/1983/toyota/prius/water-pump-replacement",0,1,0.00%,34.0
"https://spotonauto.com/repair/1983/toyota/rav4/brake-rotor-replacement",0,1,0.00%,50.0
"https://spotonauto.com/repair/1983/toyota/rav4/serpentine-belt-replacement",0,1,0.00%,40.0
"https://spotonauto.com/repair/1983/toyota/tundra/starter-replacement",0,1,0.00%,44.0
"https://spotonauto.com/repair/1984/bmw/3-series/starter-replacement",0,1,0.00%,5.0
"https://spotonauto.com/repair/1984/bmw/x5/alternator-replacement",0,3,0.00%,28.7
"https://spotonauto.com/repair/1984/bmw/x5/headlight-bulb-replacement",0,2,0.00%,63.0
"https://spotonauto.com/repair/1984/chevrolet/silverado/water-pump-replacement",0,5,0.00%,4.8
"https://spotonauto.com/repair/1984/chevrolet/suburban/starter-replacement",0,3,0.00%,2.7
"https://spotonauto.com/repair/1984/chevrolet/tahoe/brake-pad-replacement",0,1,0.00%,12.0
"https://spotonauto.com/repair/1984/ford/explorer/engine-air-filter-replacement",0,1,0.00%,76.0
"https://spotonauto.com/repair/1984/ford/f-150/brake-pad-replacement",0,3,0.00%,5.0
"https://spotonauto.com/repair/1984/ford/f-150/brake-rotor-replacement",0,1,0.00%,12.0
"https://spotonauto.com/repair/1984/ford/f-150/serpentine-belt-replacement",0,4,0.00%,6.5
"https://spotonauto.com/repair/1984/ford/f-150/starter-replacement",0,10,0.00%,9.0
"https://spotonauto.com/repair/1984/ford/focus/starter-replacement",0,2,0.00%,8.0
"https://spotonauto.com/repair/1984/ford/mustang/serpentine-belt-replacement",0,2,0.00%,8.5
"https://spotonauto.com/repair/1984/ford/mustang/starter-replacement",0,2,0.00%,8.5
"https://spotonauto.com/repair/1984/honda/accord/engine-air-filter-replacement",0,1,0.00%,5.0
"https://spotonauto.com/repair/1984/honda/civic/battery-replacement",0,2,0.00%,14.5
"https://spotonauto.com/repair/1984/honda/civic/engine-air-filter-replacement",0,1,0.00%,2.0
"https://spotonauto.com/repair/1984/honda/civic/radiator-replacement",0,1,0.00%,67.0
"https://spotonauto.com/repair/1984/honda/odyssey/starter-replacement",0,3,0.00%,56.0
"https://spotonauto.com/repair/1984/honda/odyssey/water-pump-replacement",0,1,0.00%,41.0
"https://spotonauto.com/repair/1984/honda/pilot/thermostat-replacement",0,1,0.00%,45.0
"https://spotonauto.com/repair/1984/hyundai/tucson/alternator-replacement",0,1,0.00%,47.0
"https://spotonauto.com/repair/1984/jeep/grand-cherokee/serpentine-belt-replacement",0,1,0.00%,10.0
"https://spotonauto.com/repair/1984/mercedes/c-class/battery-replacement",0,1,0.00%,31.0
"https://spotonauto.com/repair/1984/nissan/pathfinder/headlight-bulb-replacement",0,1,0.00%,74.0
"https://spotonauto.com/repair/1984/nissan/versa/thermostat-replacement",0,1,0.00%,48.0
"https://spotonauto.com/repair/1984/toyota/corolla/alternator-replacement",0,2,0.00%,7.0
"https://spotonauto.com/repair/1984/toyota/corolla/brake-pad-replacement",0,2,0.00%,7.5
"https://spotonauto.com/repair/1984/toyota/corolla/spark-plug-replacement",0,2,0.00%,3.0
"https://spotonauto.com/repair/1984/toyota/corolla/water-pump-replacement",0,3,0.00%,58.3
"https://spotonauto.com/repair/1984/toyota/sienna/alternator-replacement",0,1,0.00%,46.0
"https://spotonauto.com/repair/1984/toyota/sienna/battery-replacement",0,2,0.00%,79.5
"https://spotonauto.com/repair/1984/toyota/sienna/starter-replacement",0,3,0.00%,8.3
"https://spotonauto.com/repair/1985/bmw/3-series/thermostat-replacement",0,1,0.00%,6.0
"https://spotonauto.com/repair/1985/bmw/x3/engine-air-filter-replacement",0,2,0.00%,56.0
"https://spotonauto.com/repair/1985/bmw/x5/cabin-air-filter-replacement",0,2,0.00%,60.5
"https://spotonauto.com/repair/1985/chevrolet/impala/battery-replacement",0,1,0.00%,32.0
"https://spotonauto.com/repair/1985/chevrolet/silverado/engine-air-filter-replacement",0,1,0.00%,7.0
"https://spotonauto.com/repair/1985/chevrolet/silverado/serpentine-belt-replacement",0,2,0.00%,4.0
"https://spotonauto.com/repair/1985/ford/escape/cabin-air-filter-replacement",0,1,0.00%,10.0
"https://spotonauto.com/repair/1985/ford/explorer/battery-replacement",0,1,0.00%,4.0
"https://spotonauto.com/repair/1985/ford/explorer/radiator-replacement",0,3,0.00%,2.0
"https://spotonauto.com/repair/1985/ford/f-150/brake-rotor-replacement",0,4,0.00%,11.8
"https://spotonauto.com/repair/1985/ford/f-150/headlight-bulb-replacement",0,2,0.00%,7.5
"https://spotonauto.com/repair/1985/ford/f-150/starter-replacement",0,4,0.00%,8.5
"https://spotonauto.com/repair/1985/ford/f-150/water-pump-replacement",0,4,0.00%,7.0
"https://spotonauto.com/repair/1985/ford/focus/serpentine-belt-replacement",0,1,0.00%,44.0
"https://spotonauto.com/repair/1985/ford/fusion/starter-replacement",0,1,0.00%,95.0
"https://spotonauto.com/repair/1985/honda/accord/brake-rotor-replacement",0,1,0.00%,11.0
"https://spotonauto.com/repair/1985/honda/fit/spark-plug-replacement",0,1,0.00%,7.0
"https://spotonauto.com/repair/1985/honda/odyssey/water-pump-replacement",0,1,0.00%,11.0
"https://spotonauto.com/repair/1985/honda/pilot/serpentine-belt-replacement",0,1,0.00%,96.0
"https://spotonauto.com/repair/1985/hyundai/tucson/radiator-replacement",0,1,0.00%,8.0
"https://spotonauto.com/repair/1985/jeep/cherokee/brake-rotor-replacement",0,1,0.00%,10.0
"https://spotonauto.com/repair/1985/jeep/cherokee/serpentine-belt-replacement",0,2,0.00%,69.0
"https://spotonauto.com/repair/1985/jeep/cherokee/spark-plug-replacement",0,2,0.00%,3.0
"https://spotonauto.com/repair/1985/jeep/cherokee/thermostat-replacement",0,1,0.00%,10.0
"https://spotonauto.com/repair/1985/jeep/grand-cherokee/alternator-replacement",0,1,0.00%,6.0
"https://spotonauto.com/repair/1985/kia/sorento/serpentine-belt-replacement",0,1,0.00%,61.0
"https://spotonauto.com/repair/1985/kia/sorento/spark-plug-replacement",0,1,0.00%,7.0
"https://spotonauto.com/repair/1985/kia/soul/brake-rotor-replacement",0,1,0.00%,135.0
"https://spotonauto.com/repair/1985/kia/soul/serpentine-belt-replacement",0,1,0.00%,45.0
"https://spotonauto.com/repair/1985/mercedes/c-class/water-pump-replacement",0,1,0.00%,12.0
"https://spotonauto.com/repair/1985/mercedes/glc/water-pump-replacement",0,1,0.00%,12.0
"https://spotonauto.com/repair/1985/mercedes/gle/thermostat-replacement",0,1,0.00%,10.0
"https://spotonauto.com/repair/1985/nissan/sentra/spark-plug-replacement",0,1,0.00%,10.0
"https://spotonauto.com/repair/1985/nissan/sentra/thermostat-replacement",0,1,0.00%,57.0
"https://spotonauto.com/repair/1985/subaru/forester/serpentine-belt-replacement",0,2,0.00%,89.5
"https://spotonauto.com/repair/1985/subaru/forester/water-pump-replacement",0,2,0.00%,32.5
"https://spotonauto.com/repair/1985/toyota/camry/oil-change",0,1,0.00%,1.0
"https://spotonauto.com/repair/1985/toyota/corolla/cabin-air-filter-replacement",0,1,0.00%,2.0
"https://spotonauto.com/repair/1985/toyota/highlander/serpentine-belt-replacement",0,1,0.00%,77.0
"https://spotonauto.com/repair/1985/toyota/sienna/starter-replacement",0,1,0.00%,9.0
"https://spotonauto.com/repair/1986/bmw/x3/oil-change",0,14,0.00%,89.5
"https://spotonauto.com/repair/1986/chevrolet/equinox/thermostat-replacement",0,1,0.00%,8.0
"https://spotonauto.com/repair/1986/chevrolet/impala/water-pump-replacement",0,1,0.00%,49.0
"https://spotonauto.com/repair/1986/chevrolet/silverado/brake-rotor-replacement",0,1,0.00%,14.0
"https://spotonauto.com/repair/1986/chevrolet/silverado/headlight-bulb-replacement",0,3,0.00%,6.7
"https://spotonauto.com/repair/1986/chevrolet/suburban/water-pump-replacement",0,1,0.00%,13.0
"https://spotonauto.com/repair/1986/ford/edge/serpentine-belt-replacement",0,1,0.00%,32.0
"https://spotonauto.com/repair/1986/ford/f-150/battery-replacement",0,2,0.00%,5.0
"https://spotonauto.com/repair/1986/ford/focus/water-pump-replacement",0,1,0.00%,60.0
"https://spotonauto.com/repair/1986/ford/fusion/thermostat-replacement",0,1,0.00%,20.0
"https://spotonauto.com/repair/1986/ford/mustang/alternator-replacement",0,1,0.00%,5.0
"https://spotonauto.com/repair/1986/ford/mustang/oil-change",0,1,0.00%,10.0
"https://spotonauto.com/repair/1986/ford/mustang/spark-plug-replacement",0,7,0.00%,5.7
"https://spotonauto.com/repair/1986/honda/civic/thermostat-replacement",0,2,0.00%,46.5
"https://spotonauto.com/repair/1986/honda/civic/water-pump-replacement",0,2,0.00%,55.5
"https://spotonauto.com/repair/1986/honda/fit/starter-replacement",0,1,0.00%,49.0
"https://spotonauto.com/repair/1986/honda/odyssey/serpentine-belt-replacement",0,5,0.00%,70.2
"https://spotonauto.com/repair/1986/honda/pilot/brake-rotor-replacement",0,1,0.00%,49.0
"https://spotonauto.com/repair/1986/honda/pilot/thermostat-replacement",0,1,0.00%,52.0
"https://spotonauto.com/repair/1986/hyundai/santa-fe/radiator-replacement",0,1,0.00%,7.0
"https://spotonauto.com/repair/1986/hyundai/sonata/battery-replacement",0,1,0.00%,31.0
"https://spotonauto.com/repair/1986/hyundai/tucson/serpentine-belt-replacement",0,1,0.00%,38.0
"https://spotonauto.com/repair/1986/jeep/cherokee/cabin-air-filter-replacement",0,1,0.00%,11.0
"https://spotonauto.com/repair/1986/jeep/grand-cherokee/thermostat-replacement",0,1,0.00%,4.0
"https://spotonauto.com/repair/1986/kia/optima/starter-replacement",0,1,0.00%,91.0
"https://spotonauto.com/repair/1986/kia/optima/water-pump-replacement",0,2,0.00%,36.0
"https://spotonauto.com/repair/1986/kia/soul/alternator-replacement",0,1,0.00%,28.0
"https://spotonauto.com/repair/1986/kia/sportage/battery-replacement",0,1,0.00%,1.0
"https://spotonauto.com/repair/1986/mercedes/c-class/battery-replacement",0,1,0.00%,9.0
"https://spotonauto.com/repair/1986/mercedes/e-class/battery-replacement",0,1,0.00%,8.0
"https://spotonauto.com/repair/1986/mercedes/e-class/starter-replacement",0,1,0.00%,10.0
"https://spotonauto.com/repair/1986/nissan/pathfinder/headlight-bulb-replacement",0,2,0.00%,50.0
"https://spotonauto.com/repair/1986/nissan/rogue/water-pump-replacement",0,1,0.00%,54.0
"https://spotonauto.com/repair/1986/nissan/sentra/battery-replacement",0,3,0.00%,5.0
"https://spotonauto.com/repair/1986/nissan/versa/thermostat-replacement",0,2,0.00%,64.5
"https://spotonauto.com/repair/1986/subaru/forester/headlight-bulb-replacement",0,1,0.00%,9.0
"https://spotonauto.com/repair/1986/subaru/forester/serpentine-belt-replacement",0,5,0.00%,58.4
"https://spotonauto.com/repair/1986/subaru/outback/battery-replacement",0,2,0.00%,49.5
"https://spotonauto.com/repair/1986/toyota/camry/alternator-replacement",0,1,0.00%,10.0
"https://spotonauto.com/repair/1986/toyota/corolla/headlight-bulb-replacement",0,1,0.00%,4.0
"https://spotonauto.com/repair/1986/toyota/corolla/spark-plug-replacement",0,5,0.00%,9.0
"https://spotonauto.com/repair/1986/toyota/sienna/radiator-replacement",0,1,0.00%,34.0
"https://spotonauto.com/repair/1986/toyota/tacoma/radiator-replacement",0,1,0.00%,9.0
"https://spotonauto.com/repair/1986/toyota/tundra/spark-plug-replacement",0,1,0.00%,9.0
"https://spotonauto.com/repair/1987/bmw/x5/headlight-bulb-replacement",0,1,0.00%,67.0
"https://spotonauto.com/repair/1987/bmw/x5/serpentine-belt-replacement",0,2,0.00%,80.5
"https://spotonauto.com/repair/1987/chevrolet/equinox/water-pump-replacement",0,2,0.00%,79.5
"https://spotonauto.com/repair/1987/chevrolet/impala/engine-air-filter-replacement",0,1,0.00%,11.0
"https://spotonauto.com/repair/1987/chevrolet/malibu/thermostat-replacement",0,1,0.00%,16.0
"https://spotonauto.com/repair/1987/chevrolet/silverado/battery-replacement",0,1,0.00%,9.0
"https://spotonauto.com/repair/1987/chevrolet/silverado/oil-change",0,1,0.00%,11.0
"https://spotonauto.com/repair/1987/chevrolet/silverado/starter-replacement",0,7,0.00%,4.6
"https://spotonauto.com/repair/1987/chevrolet/suburban/serpentine-belt-replacement",0,7,0.00%,8.4
"https://spotonauto.com/repair/1987/chevrolet/suburban/starter-replacement",0,1,0.00%,5.0
"https://spotonauto.com/repair/1987/chevrolet/tahoe/thermostat-replacement",0,1,0.00%,4.0
"https://spotonauto.com/repair/1987/ford/explorer/spark-plug-replacement",0,2,0.00%,2.0
"https://spotonauto.com/repair/1987/ford/f-150/water-pump-replacement",0,8,0.00%,22.1
"https://spotonauto.com/repair/1987/ford/fusion/alternator-replacement",0,2,0.00%,9.0
"https://spotonauto.com/repair/1987/honda/civic/serpentine-belt-replacement",0,3,0.00%,64.0
"https://spotonauto.com/repair/1987/honda/civic/water-pump-replacement",0,4,0.00%,54.5
"https://spotonauto.com/repair/1987/honda/cr-v/thermostat-replacement",0,3,0.00%,74.0
"https://spotonauto.com/repair/1987/honda/fit/headlight-bulb-replacement",0,3,0.00%,49.0
"https://spotonauto.com/repair/1987/honda/pilot/serpentine-belt-replacement",0,1,0.00%,72.0
"https://spotonauto.com/repair/1987/honda/pilot/water-pump-replacement",0,1,0.00%,58.0
"https://spotonauto.com/repair/1987/hyundai/elantra/brake-rotor-replacement",0,1,0.00%,73.0
"https://spotonauto.com/repair/1987/hyundai/sonata/alternator-replacement",0,1,0.00%,95.0
"https://spotonauto.com/repair/1987/hyundai/sonata/battery-replacement",0,1,0.00%,93.0
"https://spotonauto.com/repair/1987/jeep/cherokee/brake-rotor-replacement",0,3,0.00%,7.3
"https://spotonauto.com/repair/1987/jeep/cherokee/starter-replacement",0,4,0.00%,6.8
"https://spotonauto.com/repair/1987/jeep/wrangler/battery-replacement",0,2,0.00%,6.0
"https://spotonauto.com/repair/1987/jeep/wrangler/brake-rotor-replacement",0,1,0.00%,12.0
"https://spotonauto.com/repair/1987/kia/soul/thermostat-replacement",0,3,0.00%,50.3
"https://spotonauto.com/repair/1987/mercedes/e-class/alternator-replacement",0,2,0.00%,9.5
"https://spotonauto.com/repair/1987/mercedes/e-class/battery-replacement",0,2,0.00%,8.5
"https://spotonauto.com/repair/1987/mercedes/glc/alternator-replacement",0,3,0.00%,8.3
"https://spotonauto.com/repair/1987/nissan/pathfinder/brake-rotor-replacement",0,1,0.00%,10.0
"https://spotonauto.com/repair/1987/nissan/versa/thermostat-replacement",0,2,0.00%,67.5
"https://spotonauto.com/repair/1987/subaru/crosstrek/alternator-replacement",0,3,0.00%,72.3
"https://spotonauto.com/repair/1987/subaru/crosstrek/water-pump-replacement",0,1,0.00%,100.0
"https://spotonauto.com/repair/1987/subaru/outback/alternator-replacement",0,1,0.00%,66.0
"https://spotonauto.com/repair/1987/toyota/prius/brake-pad-replacement",0,1,0.00%,35.0
"https://spotonauto.com/repair/1987/toyota/rav4/serpentine-belt-replacement",0,1,0.00%,49.0
"https://spotonauto.com/repair/1987/toyota/sienna/alternator-replacement",0,2,0.00%,30.0
"https://spotonauto.com/repair/1987/toyota/tundra/spark-plug-replacement",0,1,0.00%,43.0
"https://spotonauto.com/repair/1988/chevrolet/silverado/oil-change",0,7,0.00%,8.1
"https://spotonauto.com/repair/1988/chevrolet/silverado/water-pump-replacement",0,1,0.00%,9.0
"https://spotonauto.com/repair/1988/ford/explorer/alternator-replacement",0,1,0.00%,7.0
"https://spotonauto.com/repair/1988/ford/explorer/battery-replacement",0,2,0.00%,10.0
"https://spotonauto.com/repair/1988/ford/f-150/battery-replacement",0,1,0.00%,4.0
"https://spotonauto.com/repair/1988/ford/f-150/radiator-replacement",0,4,0.00%,14.5
"https://spotonauto.com/repair/1988/ford/mustang/alternator-replacement",0,4,0.00%,6.5
"https://spotonauto.com/repair/1988/ford/mustang/thermostat-replacement",0,4,0.00%,55.8
"https://spotonauto.com/repair/1988/honda/accord/cabin-air-filter-replacement",0,1,0.00%,9.0
"https://spotonauto.com/repair/1988/honda/accord/oil-change",0,1,0.00%,6.0
"https://spotonauto.com/repair/1988/honda/civic/starter-replacement",0,4,0.00%,35.3
"https://spotonauto.com/repair/1988/honda/cr-v/battery-replacement",0,8,0.00%,55.3
"https://spotonauto.com/repair/1988/honda/cr-v/engine-air-filter-replacement",0,1,0.00%,10.0
"https://spotonauto.com/repair/1988/honda/cr-v/starter-replacement",0,1,0.00%,92.0
"https://spotonauto.com/repair/1988/honda/fit/brake-pad-replacement",0,1,0.00%,54.0
"https://spotonauto.com/repair/1988/honda/odyssey/water-pump-replacement",0,1,0.00%,54.0
"https://spotonauto.com/repair/1988/hyundai/santa-fe/headlight-bulb-replacement",0,1,0.00%,9.0
"https://spotonauto.com/repair/1988/hyundai/santa-fe/water-pump-replacement",0,1,0.00%,14.0
"https://spotonauto.com/repair/1988/jeep/cherokee/alternator-replacement",0,8,0.00%,10.5
"https://spotonauto.com/repair/1988/jeep/cherokee/oil-change",0,2,0.00%,10.0
"https://spotonauto.com/repair/1988/jeep/cherokee/starter-replacement",0,12,0.00%,17.8
"https://spotonauto.com/repair/1988/jeep/grand-cherokee/alternator-replacement",0,1,0.00%,8.0
"https://spotonauto.com/repair/1988/jeep/grand-cherokee/thermostat-replacement",0,2,0.00%,6.0
"https://spotonauto.com/repair/1988/jeep/wrangler/oil-change",0,1,0.00%,7.0
"https://spotonauto.com/repair/1988/kia/optima/water-pump-replacement",0,1,0.00%,30.0
"https://spotonauto.com/repair/1988/kia/soul/alternator-replacement",0,1,0.00%,59.0
"https://spotonauto.com/repair/1988/kia/soul/thermostat-replacement",0,2,0.00%,53.5
"https://spotonauto.com/repair/1988/kia/sportage/water-pump-replacement",0,2,0.00%,49.5
"https://spotonauto.com/repair/1988/mercedes/c-class/serpentine-belt-replacement",0,1,0.00%,10.0
"https://spotonauto.com/repair/1988/mercedes/e-class/alternator-replacement",0,3,0.00%,7.0
"https://spotonauto.com/repair/1988/mercedes/glc/battery-replacement",0,2,0.00%,28.5
"https://spotonauto.com/repair/1988/mercedes/glc/serpentine-belt-replacement",0,1,0.00%,9.0
"https://spotonauto.com/repair/1988/nissan/altima/alternator-replacement",0,1,0.00%,6.0
"https://spotonauto.com/repair/1988/nissan/altima/starter-replacement",0,5,0.00%,8.2
"https://spotonauto.com/repair/1988/nissan/pathfinder/oil-change",0,1,0.00%,44.0
"https://spotonauto.com/repair/1988/nissan/sentra/radiator-replacement",0,1,0.00%,23.0
"https://spotonauto.com/repair/1988/subaru/outback/brake-pad-replacement",0,1,0.00%,2.0
"https://spotonauto.com/repair/1988/subaru/outback/headlight-bulb-replacement",0,3,0.00%,69.3
"https://spotonauto.com/repair/1988/toyota/camry/spark-plug-replacement",0,1,0.00%,7.0
"https://spotonauto.com/repair/1988/toyota/corolla/cabin-air-filter-replacement",0,2,0.00%,6.0
"https://spotonauto.com/repair/1988/toyota/corolla/oil-change",0,1,0.00%,8.0
"https://spotonauto.com/repair/1988/toyota/corolla/spark-plug-replacement",0,4,0.00%,8.0
"https://spotonauto.com/repair/1988/toyota/prius/water-pump-replacement",0,1,0.00%,54.0
"https://spotonauto.com/repair/1988/toyota/rav4/engine-air-filter-replacement",0,1,0.00%,10.0
"https://spotonauto.com/repair/1988/toyota/sienna/alternator-replacement",0,1,0.00%,95.0
"https://spotonauto.com/repair/1988/toyota/sienna/battery-replacement",0,3,0.00%,33.3
"https://spotonauto.com/repair/1988/toyota/sienna/water-pump-replacement",0,2,0.00%,40.0
"https://spotonauto.com/repair/1988/toyota/tacoma/thermostat-replacement",0,1,0.00%,4.0
"https://spotonauto.com/repair/1988/toyota/tundra/battery-replacement",0,1,0.00%,11.0
"https://spotonauto.com/repair/1989/bmw/5-series/radiator-replacement",0,2,0.00%,4.0
"https://spotonauto.com/repair/1989/bmw/x3/headlight-bulb-replacement",0,1,0.00%,70.0
"https://spotonauto.com/repair/1989/bmw/x5/cabin-air-filter-replacement",0,1,0.00%,9.0
"https://spotonauto.com/repair/1989/chevrolet/impala/spark-plug-replacement",0,4,0.00%,4.5
"https://spotonauto.com/repair/1989/chevrolet/malibu/serpentine-belt-replacement",0,1,0.00%,74.0
"https://spotonauto.com/repair/1989/chevrolet/silverado/engine-air-filter-replacement",0,1,0.00%,7.0
"https://spotonauto.com/repair/1989/chevrolet/silverado/oil-change",0,3,0.00%,8.0
"https://spotonauto.com/repair/1989/chevrolet/suburban/spark-plug-replacement",0,2,0.00%,6.0
"https://spotonauto.com/repair/1989/chevrolet/tahoe/headlight-bulb-replacement",0,1,0.00%,33.0
"https://spotonauto.com/repair/1989/ford/edge/spark-plug-replacement",0,1,0.00%,16.0
"https://spotonauto.com/repair/1989/ford/escape/serpentine-belt-replacement",0,1,0.00%,73.0
"https://spotonauto.com/repair/1989/ford/explorer/alternator-replacement",0,3,0.00%,10.3
"https://spotonauto.com/repair/1989/ford/f-150/alternator-replacement",0,10,0.00%,8.1
"https://spotonauto.com/repair/1989/ford/f-150/oil-change",0,4,0.00%,5.8
"https://spotonauto.com/repair/1989/ford/focus/starter-replacement",0,10,0.00%,19.9
"https://spotonauto.com/repair/1989/ford/focus/water-pump-replacement",0,1,0.00%,43.0
"https://spotonauto.com/repair/1989/honda/accord/oil-change",0,1,0.00%,4.0
"https://spotonauto.com/repair/1989/honda/accord/water-pump-replacement",0,1,0.00%,4.0
"https://spotonauto.com/repair/1989/honda/civic/brake-rotor-replacement",0,1,0.00%,7.0
"https://spotonauto.com/repair/1989/honda/civic/headlight-bulb-replacement",0,1,0.00%,8.0
"https://spotonauto.com/repair/1989/honda/civic/thermostat-replacement",0,2,0.00%,5.5
"https://spotonauto.com/repair/1989/honda/fit/headlight-bulb-replacement",0,2,0.00%,52.5
"https://spotonauto.com/repair/1989/honda/odyssey/battery-replacement",0,1,0.00%,37.0
"https://spotonauto.com/repair/1989/honda/odyssey/serpentine-belt-replacement",0,2,0.00%,55.5
"https://spotonauto.com/repair/1989/honda/pilot/engine-air-filter-replacement",0,1,0.00%,70.0
"https://spotonauto.com/repair/1989/hyundai/elantra/serpentine-belt-replacement",0,1,0.00%,22.0
"https://spotonauto.com/repair/1989/jeep/cherokee/alternator-replacement",0,1,0.00%,5.0
"https://spotonauto.com/repair/1989/jeep/cherokee/serpentine-belt-replacement",0,6,0.00%,5.7
"https://spotonauto.com/repair/1989/jeep/grand-cherokee/starter-replacement",0,2,0.00%,10.5
"https://spotonauto.com/repair/1989/kia/sorento/radiator-replacement",0,1,0.00%,9.0
"https://spotonauto.com/repair/1989/kia/soul/alternator-replacement",0,1,0.00%,10.0
"https://spotonauto.com/repair/1989/kia/soul/spark-plug-replacement",0,1,0.00%,71.0
"https://spotonauto.com/repair/1989/kia/sportage/water-pump-replacement",0,1,0.00%,57.0
"https://spotonauto.com/repair/1989/mercedes/glc/alternator-replacement",0,3,0.00%,7.7
"https://spotonauto.com/repair/1989/nissan/pathfinder/battery-replacement",0,2,0.00%,12.5
"https://spotonauto.com/repair/1989/nissan/sentra/oil-change",0,1,0.00%,5.0
"https://spotonauto.com/repair/1989/nissan/versa/thermostat-replacement",0,1,0.00%,10.0
"https://spotonauto.com/repair/1989/subaru/outback/starter-replacement",0,9,0.00%,42.4
"https://spotonauto.com/repair/1989/toyota/camry/headlight-bulb-replacement",0,1,0.00%,9.0
"https://spotonauto.com/repair/1989/toyota/corolla/alternator-replacement",0,1,0.00%,4.0
"https://spotonauto.com/repair/1989/toyota/corolla/cabin-air-filter-replacement",0,7,0.00%,4.3
"https://spotonauto.com/repair/1989/toyota/corolla/oil-change",0,3,0.00%,5.3
"https://spotonauto.com/repair/1989/toyota/prius/brake-pad-replacement",0,1,0.00%,44.0
"https://spotonauto.com/repair/1989/toyota/rav4/spark-plug-replacement",0,3,0.00%,12.3
"https://spotonauto.com/repair/1989/toyota/sienna/serpentine-belt-replacement",0,3,0.00%,60.7
"https://spotonauto.com/repair/1989/toyota/tacoma/starter-replacement",0,2,0.00%,24.0
"https://spotonauto.com/repair/1990/bmw/x3/battery-replacement",0,2,0.00%,67.5
"https://spotonauto.com/repair/1990/bmw/x3/headlight-bulb-replacement",0,4,0.00%,59.0
"https://spotonauto.com/repair/1990/bmw/x3/oil-change",0,17,0.00%,69.8
"https://spotonauto.com/repair/1990/bmw/x5/alternator-replacement",0,2,0.00%,88.0
"https://spotonauto.com/repair/1990/bmw/x5/headlight-bulb-replacement",0,2,0.00%,59.0
"https://spotonauto.com/repair/1990/chevrolet/equinox/water-pump-replacement",0,3,0.00%,84.7
"https://spotonauto.com/repair/1990/chevrolet/silverado/starter-replacement",0,8,0.00%,5.4
"https://spotonauto.com/repair/1990/chevrolet/silverado/water-pump-replacement",0,2,0.00%,8.0
"https://spotonauto.com/repair/1990/chevrolet/suburban/cabin-air-filter-replacement",0,2,0.00%,14.0
"https://spotonauto.com/repair/1990/chevrolet/suburban/spark-plug-replacement",0,1,0.00%,12.0
"https://spotonauto.com/repair/1990/chevrolet/tahoe/battery-replacement",0,2,0.00%,2.5
"https://spotonauto.com/repair/1990/ford/edge/battery-replacement",0,1,0.00%,70.0
"https://spotonauto.com/repair/1990/ford/f-150/alternator-replacement",0,4,0.00%,26.5
"https://spotonauto.com/repair/1990/ford/f-150/serpentine-belt-replacement",0,5,0.00%,8.0
"https://spotonauto.com/repair/1990/ford/f-150/thermostat-replacement",0,9,0.00%,8.9
"https://spotonauto.com/repair/1990/ford/mustang/battery-replacement",0,4,0.00%,63.3
"https://spotonauto.com/repair/1990/honda/accord/oil-change",0,2,0.00%,10.0
"https://spotonauto.com/repair/1990/honda/civic/alternator-replacement",0,1,0.00%,6.0
"https://spotonauto.com/repair/1990/honda/civic/serpentine-belt-replacement",0,1,0.00%,7.0
"https://spotonauto.com/repair/1990/honda/fit/engine-air-filter-replacement",0,1,0.00%,99.0
"https://spotonauto.com/repair/1990/honda/fit/starter-replacement",0,1,0.00%,43.0
"https://spotonauto.com/repair/1990/honda/pilot/alternator-replacement",0,3,0.00%,46.7
"https://spotonauto.com/repair/1990/honda/pilot/starter-replacement",0,3,0.00%,87.7
"https://spotonauto.com/repair/1990/jeep/cherokee/starter-replacement",0,1,0.00%,3.0
"https://spotonauto.com/repair/1990/jeep/cherokee/thermostat-replacement",0,1,0.00%,8.0
"https://spotonauto.com/repair/1990/jeep/grand-cherokee/spark-plug-replacement",0,1,0.00%,7.0
"https://spotonauto.com/repair/1990/jeep/wrangler/oil-change",0,3,0.00%,10.0
"https://spotonauto.com/repair/1990/jeep/wrangler/serpentine-belt-replacement",0,2,0.00%,52.5
"https://spotonauto.com/repair/1990/jeep/wrangler/thermostat-replacement",0,1,0.00%,6.0
"https://spotonauto.com/repair/1990/kia/sorento/thermostat-replacement",0,1,0.00%,56.0
"https://spotonauto.com/repair/1990/kia/sportage/thermostat-replacement",0,1,0.00%,8.0
"https://spotonauto.com/repair/1990/mercedes/glc/alternator-replacement",0,2,0.00%,19.0
"https://spotonauto.com/repair/1990/mercedes/glc/starter-replacement",0,2,0.00%,7.5
"https://spotonauto.com/repair/1990/mercedes/glc/thermostat-replacement",0,1,0.00%,11.0
"https://spotonauto.com/repair/1990/nissan/altima/spark-plug-replacement",0,1,0.00%,10.0
"https://spotonauto.com/repair/1990/subaru/crosstrek/water-pump-replacement",0,1,0.00%,63.0
"https://spotonauto.com/repair/1990/subaru/forester/battery-replacement",0,1,0.00%,8.0
"https://spotonauto.com/repair/1990/toyota/camry/headlight-bulb-replacement",0,29,0.00%,7.0
"https://spotonauto.com/repair/1990/toyota/camry/thermostat-replacement",0,3,0.00%,4.3
"https://spotonauto.com/repair/1990/toyota/corolla/cabin-air-filter-replacement",0,3,0.00%,4.7
"https://spotonauto.com/repair/1990/toyota/corolla/starter-replacement",0,7,0.00%,8.7
"https://spotonauto.com/repair/1990/toyota/sienna/battery-replacement",0,5,0.00%,65.8
"https://spotonauto.com/repair/1991/bmw/x3/cabin-air-filter-replacement",0,1,0.00%,97.0
"https://spotonauto.com/repair/1991/bmw/x3/engine-air-filter-replacement",0,1,0.00%,65.0
"https://spotonauto.com/repair/1991/bmw/x5/alternator-replacement",0,1,0.00%,16.0
"https://spotonauto.com/repair/1991/bmw/x5/brake-pad-replacement",0,1,0.00%,97.0
"https://spotonauto.com/repair/1991/bmw/x5/brake-rotor-replacement",0,1,0.00%,134.0
"https://spotonauto.com/repair/1991/bmw/x5/headlight-bulb-replacement",0,2,0.00%,46.5
"https://spotonauto.com/repair/1991/chevrolet/equinox/brake-rotor-replacement",0,1,0.00%,9.0
"https://spotonauto.com/repair/1991/chevrolet/silverado/headlight-bulb-replacement",0,3,0.00%,10.7
"https://spotonauto.com/repair/1991/chevrolet/silverado/oil-change",0,5,0.00%,6.0
"https://spotonauto.com/repair/1991/chevrolet/suburban/radiator-replacement",0,1,0.00%,8.0
"https://spotonauto.com/repair/1991/chevrolet/suburban/serpentine-belt-replacement",0,1,0.00%,12.0
"https://spotonauto.com/repair/1991/chevrolet/tahoe/engine-air-filter-replacement",0,1,0.00%,50.0
"https://spotonauto.com/repair/1991/chevrolet/tahoe/headlight-bulb-replacement",0,1,0.00%,34.0
"https://spotonauto.com/repair/1991/chevrolet/tahoe/serpentine-belt-replacement",0,1,0.00%,58.0
"https://spotonauto.com/repair/1991/chevrolet/tahoe/water-pump-replacement",0,1,0.00%,39.0
"https://spotonauto.com/repair/1991/ford/explorer/brake-pad-replacement",0,1,0.00%,8.0
"https://spotonauto.com/repair/1991/ford/explorer/engine-air-filter-replacement",0,4,0.00%,4.8
"https://spotonauto.com/repair/1991/ford/f-150/battery-replacement",0,7,0.00%,14.7
"https://spotonauto.com/repair/1991/ford/f-150/spark-plug-replacement",0,5,0.00%,9.2
"https://spotonauto.com/repair/1991/ford/fusion/starter-replacement",0,6,0.00%,5.0
"https://spotonauto.com/repair/1991/ford/mustang/alternator-replacement",0,1,0.00%,11.0
"https://spotonauto.com/repair/1991/ford/mustang/headlight-bulb-replacement",0,1,0.00%,3.0
"https://spotonauto.com/repair/1991/ford/mustang/serpentine-belt-replacement",0,3,0.00%,8.7
"https://spotonauto.com/repair/1991/honda/civic/radiator-replacement",0,1,0.00%,5.0
"https://spotonauto.com/repair/1991/honda/odyssey/serpentine-belt-replacement",0,6,0.00%,53.7
"https://spotonauto.com/repair/1991/honda/pilot/alternator-replacement",0,1,0.00%,56.0
"https://spotonauto.com/repair/1991/honda/pilot/battery-replacement",0,1,0.00%,94.0
"https://spotonauto.com/repair/1991/honda/pilot/headlight-bulb-replacement",0,2,0.00%,37.0
"https://spotonauto.com/repair/1991/honda/pilot/radiator-replacement",0,1,0.00%,97.0
"https://spotonauto.com/repair/1991/hyundai/elantra/headlight-bulb-replacement",0,2,0.00%,92.5
"https://spotonauto.com/repair/1991/jeep/cherokee/radiator-replacement",0,1,0.00%,11.0
"https://spotonauto.com/repair/1991/jeep/cherokee/serpentine-belt-replacement",0,3,0.00%,24.3
"https://spotonauto.com/repair/1991/jeep/grand-cherokee/cabin-air-filter-replacement",0,2,0.00%,6.5
"https://spotonauto.com/repair/1991/jeep/wrangler/alternator-replacement",0,2,0.00%,7.5
"https://spotonauto.com/repair/1991/jeep/wrangler/thermostat-replacement",0,1,0.00%,7.0
"https://spotonauto.com/repair/1991/kia/soul/serpentine-belt-replacement",0,1,0.00%,40.0
"https://spotonauto.com/repair/1991/mercedes/c-class/oil-change",0,2,0.00%,7.5
"https://spotonauto.com/repair/1991/mercedes/e-class/water-pump-replacement",0,1,0.00%,6.0
"https://spotonauto.com/repair/1991/mercedes/glc/spark-plug-replacement",0,1,0.00%,140.0
"https://spotonauto.com/repair/1991/mercedes/glc/starter-replacement",0,1,0.00%,4.0
"https://spotonauto.com/repair/1991/mercedes/gle/thermostat-replacement",0,2,0.00%,7.0
"https://spotonauto.com/repair/1991/nissan/altima/thermostat-replacement",0,1,0.00%,9.0
"https://spotonauto.com/repair/1991/nissan/pathfinder/spark-plug-replacement",0,2,0.00%,6.5
"https://spotonauto.com/repair/1991/nissan/pathfinder/water-pump-replacement",0,1,0.00%,4.0
"https://spotonauto.com/repair/1991/nissan/sentra/alternator-replacement",0,3,0.00%,7.3
"https://spotonauto.com/repair/1991/nissan/sentra/serpentine-belt-replacement",0,4,0.00%,24.3
"https://spotonauto.com/repair/1991/nissan/sentra/starter-replacement",0,2,0.00%,4.0
"https://spotonauto.com/repair/1991/nissan/versa/brake-pad-replacement",0,1,0.00%,8.0
"https://spotonauto.com/repair/1991/subaru/crosstrek/battery-replacement",0,1,0.00%,11.0
"https://spotonauto.com/repair/1991/subaru/forester/starter-replacement",0,1,0.00%,12.0
"https://spotonauto.com/repair/1991/subaru/outback/starter-replacement",0,3,0.00%,18.3
"https://spotonauto.com/repair/1991/toyota/camry/brake-rotor-replacement",0,2,0.00%,5.5
"https://spotonauto.com/repair/1991/toyota/camry/headlight-bulb-replacement",0,1,0.00%,10.0
"https://spotonauto.com/repair/1991/toyota/corolla/cabin-air-filter-replacement",0,1,0.00%,12.0
"https://spotonauto.com/repair/1991/toyota/rav4/spark-plug-replacement",0,1,0.00%,1.0
"https://spotonauto.com/repair/1991/toyota/sienna/serpentine-belt-replacement",0,2,0.00%,54.0
"https://spotonauto.com/repair/1991/toyota/tacoma/alternator-replacement",0,1,0.00%,7.0
"https://spotonauto.com/repair/1991/toyota/tacoma/thermostat-replacement",0,1,0.00%,73.0
"https://spotonauto.com/repair/1991/toyota/tundra/thermostat-replacement",0,1,0.00%,23.0
"https://spotonauto.com/repair/1992/chevrolet/equinox/engine-air-filter-replacement",0,1,0.00%,48.0
"https://spotonauto.com/repair/1992/chevrolet/silverado/battery-replacement",0,1,0.00%,2.0
"https://spotonauto.com/repair/1992/chevrolet/silverado/cabin-air-filter-replacement",0,6,0.00%,7.5
"https://spotonauto.com/repair/1992/chevrolet/silverado/serpentine-belt-replacement",0,4,0.00%,8.5
"https://spotonauto.com/repair/1992/chevrolet/silverado/starter-replacement",0,10,0.00%,15.3
"https://spotonauto.com/repair/1992/chevrolet/suburban/cabin-air-filter-replacement",0,2,0.00%,5.5
"https://spotonauto.com/repair/1992/chevrolet/suburban/thermostat-replacement",0,1,0.00%,4.0
"https://spotonauto.com/repair/1992/ford/edge/serpentine-belt-replacement",0,1,0.00%,55.0
"https://spotonauto.com/repair/1992/ford/escape/alternator-replacement",0,1,0.00%,25.0
"https://spotonauto.com/repair/1992/ford/explorer/oil-change",0,7,0.00%,33.3
"https://spotonauto.com/repair/1992/ford/explorer/starter-replacement",0,9,0.00%,6.8
"https://spotonauto.com/repair/1992/ford/f-150/alternator-replacement",0,1,0.00%,86.0
"https://spotonauto.com/repair/1992/ford/f-150/brake-pad-replacement",0,4,0.00%,5.3
"https://spotonauto.com/repair/1992/ford/f-150/cabin-air-filter-replacement",0,4,0.00%,7.3
"https://spotonauto.com/repair/1992/ford/f-150/thermostat-replacement",0,1,0.00%,8.0
"https://spotonauto.com/repair/1992/ford/mustang/cabin-air-filter-replacement",0,1,0.00%,13.0
"https://spotonauto.com/repair/1992/ford/mustang/serpentine-belt-replacement",0,2,0.00%,7.0
"https://spotonauto.com/repair/1992/ford/mustang/water-pump-replacement",0,1,0.00%,9.0
"https://spotonauto.com/repair/1992/honda/accord/brake-pad-replacement",0,1,0.00%,6.0
"https://spotonauto.com/repair/1992/honda/accord/cabin-air-filter-replacement",0,2,0.00%,7.0
"https://spotonauto.com/repair/1992/honda/accord/spark-plug-replacement",0,4,0.00%,7.8
"https://spotonauto.com/repair/1992/honda/accord/starter-replacement",0,10,0.00%,15.1
"https://spotonauto.com/repair/1992/honda/civic/radiator-replacement",0,1,0.00%,7.0
"https://spotonauto.com/repair/1992/honda/cr-v/starter-replacement",0,4,0.00%,4.8
"https://spotonauto.com/repair/1992/honda/cr-v/water-pump-replacement",0,1,0.00%,8.0
"https://spotonauto.com/repair/1992/honda/fit/alternator-replacement",0,2,0.00%,22.5
"https://spotonauto.com/repair/1992/honda/odyssey/serpentine-belt-replacement",0,1,0.00%,44.0
"https://spotonauto.com/repair/1992/honda/pilot/serpentine-belt-replacement",0,3,0.00%,50.7
"https://spotonauto.com/repair/1992/hyundai/santa-fe/starter-replacement",0,4,0.00%,57.8
"https://spotonauto.com/repair/1992/jeep/cherokee/cabin-air-filter-replacement",0,1,0.00%,2.0
"https://spotonauto.com/repair/1992/jeep/cherokee/serpentine-belt-replacement",0,5,0.00%,10.0
"https://spotonauto.com/repair/1992/jeep/wrangler/spark-plug-replacement",0,7,0.00%,7.6
"https://spotonauto.com/repair/1992/kia/sorento/radiator-replacement",0,1,0.00%,9.0
"https://spotonauto.com/repair/1992/kia/soul/starter-replacement",0,1,0.00%,40.0
"https://spotonauto.com/repair/1992/kia/soul/water-pump-replacement",0,1,0.00%,28.0
"https://spotonauto.com/repair/1992/mercedes/c-class/water-pump-replacement",0,1,0.00%,34.0
"https://spotonauto.com/repair/1992/mercedes/e-class/starter-replacement",0,1,0.00%,9.0
"https://spotonauto.com/repair/1992/nissan/pathfinder/brake-rotor-replacement",0,1,0.00%,4.0
"https://spotonauto.com/repair/1992/nissan/sentra/brake-rotor-replacement",0,1,0.00%,5.0
"https://spotonauto.com/repair/1992/nissan/sentra/starter-replacement",0,6,0.00%,7.5
"https://spotonauto.com/repair/1992/nissan/sentra/thermostat-replacement",0,2,0.00%,38.5
"https://spotonauto.com/repair/1992/nissan/versa/serpentine-belt-replacement",0,2,0.00%,37.0
"https://spotonauto.com/repair/1992/toyota/camry/oil-change",0,1,0.00%,7.0
"https://spotonauto.com/repair/1992/toyota/corolla/battery-replacement",0,1,0.00%,9.0
"https://spotonauto.com/repair/1992/toyota/corolla/headlight-bulb-replacement",0,1,0.00%,9.0
"https://spotonauto.com/repair/1992/toyota/corolla/serpentine-belt-replacement",0,1,0.00%,9.0
"https://spotonauto.com/repair/1992/toyota/prius/alternator-replacement",0,1,0.00%,11.0
"https://spotonauto.com/repair/1992/toyota/sienna/water-pump-replacement",0,1,0.00%,64.0
"https://spotonauto.com/repair/1992/toyota/tacoma/thermostat-replacement",0,1,0.00%,63.0
"https://spotonauto.com/repair/1992/toyota/tundra/brake-pad-replacement",0,3,0.00%,42.3
"https://spotonauto.com/repair/1992/toyota/tundra/starter-replacement",0,1,0.00%,29.0
"https://spotonauto.com/repair/1993/bmw/5-series/starter-replacement",0,1,0.00%,5.0
"https://spotonauto.com/repair/1993/bmw/x3/cabin-air-filter-replacement",0,3,0.00%,68.0
"https://spotonauto.com/repair/1993/bmw/x5/serpentine-belt-replacement",0,1,0.00%,58.0
"https://spotonauto.com/repair/1993/bmw/x5/water-pump-replacement",0,2,0.00%,81.5
"https://spotonauto.com/repair/1993/chevrolet/impala/cabin-air-filter-replacement",0,1,0.00%,10.0
"https://spotonauto.com/repair/1993/chevrolet/malibu/spark-plug-replacement",0,1,0.00%,10.0
"https://spotonauto.com/repair/1993/chevrolet/silverado/brake-rotor-replacement",0,1,0.00%,7.0
"https://spotonauto.com/repair/1993/chevrolet/silverado/engine-air-filter-replacement",0,1,0.00%,77.0
"https://spotonauto.com/repair/1993/chevrolet/silverado/thermostat-replacement",0,1,0.00%,7.0
"https://spotonauto.com/repair/1993/chevrolet/suburban/thermostat-replacement",0,5,0.00%,21.4
"https://spotonauto.com/repair/1993/chevrolet/tahoe/alternator-replacement",0,1,0.00%,12.0
"https://spotonauto.com/repair/1993/chevrolet/tahoe/radiator-replacement",0,2,0.00%,4.5
"https://spotonauto.com/repair/1993/ford/escape/alternator-replacement",0,3,0.00%,5.3
"https://spotonauto.com/repair/1993/ford/escape/battery-replacement",0,4,0.00%,58.0
"https://spotonauto.com/repair/1993/ford/escape/water-pump-replacement",0,1,0.00%,13.0
"https://spotonauto.com/repair/1993/ford/explorer/serpentine-belt-replacement",0,7,0.00%,5.9
"https://spotonauto.com/repair/1993/ford/explorer/starter-replacement",0,5,0.00%,7.6
"https://spotonauto.com/repair/1993/ford/explorer/thermostat-replacement",0,2,0.00%,6.0
"https://spotonauto.com/repair/1993/ford/explorer/water-pump-replacement",0,8,0.00%,49.6
"https://spotonauto.com/repair/1993/ford/f-150/brake-pad-replacement",0,5,0.00%,16.4
"https://spotonauto.com/repair/1993/ford/f-150/oil-change",0,2,0.00%,8.0
"https://spotonauto.com/repair/1993/ford/focus/water-pump-replacement",0,1,0.00%,51.0
"https://spotonauto.com/repair/1993/ford/fusion/battery-replacement",0,1,0.00%,39.0
"https://spotonauto.com/repair/1993/honda/accord/radiator-replacement",0,4,0.00%,26.8
"https://spotonauto.com/repair/1993/honda/civic/alternator-replacement",0,4,0.00%,34.0
"https://spotonauto.com/repair/1993/honda/civic/cabin-air-filter-replacement",0,3,0.00%,33.7
"https://spotonauto.com/repair/1993/honda/civic/serpentine-belt-replacement",0,4,0.00%,6.3
"https://spotonauto.com/repair/1993/honda/cr-v/serpentine-belt-replacement",0,1,0.00%,89.0
"https://spotonauto.com/repair/1993/honda/cr-v/starter-replacement",0,1,0.00%,62.0
"https://spotonauto.com/repair/1993/honda/cr-v/water-pump-replacement",0,3,0.00%,52.7
"https://spotonauto.com/repair/1993/honda/odyssey/water-pump-replacement",0,2,0.00%,47.0
"https://spotonauto.com/repair/1993/honda/pilot/alternator-replacement",0,2,0.00%,53.5
"https://spotonauto.com/repair/1993/hyundai/elantra/thermostat-replacement",0,1,0.00%,5.0
"https://spotonauto.com/repair/1993/hyundai/sonata/headlight-bulb-replacement",0,1,0.00%,93.0
"https://spotonauto.com/repair/1993/jeep/cherokee/battery-replacement",0,3,0.00%,5.7
"https://spotonauto.com/repair/1993/jeep/grand-cherokee/alternator-replacement",0,1,0.00%,11.0
"https://spotonauto.com/repair/1993/jeep/grand-cherokee/starter-replacement",0,5,0.00%,7.8
"https://spotonauto.com/repair/1993/jeep/wrangler/alternator-replacement",0,1,0.00%,44.0
"https://spotonauto.com/repair/1993/jeep/wrangler/serpentine-belt-replacement",0,2,0.00%,9.0
"https://spotonauto.com/repair/1993/kia/sorento/water-pump-replacement",0,4,0.00%,9.3
"https://spotonauto.com/repair/1993/kia/soul/thermostat-replacement",0,1,0.00%,64.0
"https://spotonauto.com/repair/1993/kia/sportage/serpentine-belt-replacement",0,1,0.00%,59.0
"https://spotonauto.com/repair/1993/kia/sportage/starter-replacement",0,1,0.00%,5.0
"https://spotonauto.com/repair/1993/mercedes/e-class/headlight-bulb-replacement",0,1,0.00%,6.0
"https://spotonauto.com/repair/1993/mercedes/glc/spark-plug-replacement",0,1,0.00%,7.0
"https://spotonauto.com/repair/1993/mercedes/glc/thermostat-replacement",0,1,0.00%,11.0
"https://spotonauto.com/repair/1993/mercedes/gle/battery-replacement",0,1,0.00%,6.0
"https://spotonauto.com/repair/1993/nissan/altima/alternator-replacement",0,1,0.00%,5.0
"https://spotonauto.com/repair/1993/nissan/altima/starter-replacement",0,1,0.00%,71.0
"https://spotonauto.com/repair/1993/nissan/pathfinder/spark-plug-replacement",0,3,0.00%,7.7
"https://spotonauto.com/repair/1993/nissan/rogue/water-pump-replacement",0,1,0.00%,49.0
"https://spotonauto.com/repair/1993/nissan/sentra/engine-air-filter-replacement",0,1,0.00%,11.0
"https://spotonauto.com/repair/1993/nissan/sentra/serpentine-belt-replacement",0,3,0.00%,5.3
"https://spotonauto.com/repair/1993/subaru/forester/alternator-replacement",0,1,0.00%,25.0
"https://spotonauto.com/repair/1993/subaru/forester/thermostat-replacement",0,1,0.00%,5.0
"https://spotonauto.com/repair/1993/subaru/outback/water-pump-replacement",0,1,0.00%,49.0
"https://spotonauto.com/repair/1993/toyota/camry/cabin-air-filter-replacement",0,4,0.00%,9.8
"https://spotonauto.com/repair/1993/toyota/camry/starter-replacement",0,1,0.00%,6.0
"https://spotonauto.com/repair/1993/toyota/corolla/battery-replacement",0,1,0.00%,8.0
"https://spotonauto.com/repair/1993/toyota/corolla/oil-change",0,1,0.00%,7.0
"https://spotonauto.com/repair/1993/toyota/corolla/starter-replacement",0,10,0.00%,7.8
"https://spotonauto.com/repair/1993/toyota/corolla/thermostat-replacement",0,6,0.00%,8.5
"https://spotonauto.com/repair/1993/toyota/prius/starter-replacement",0,2,0.00%,11.0
"https://spotonauto.com/repair/1993/toyota/rav4/alternator-replacement",0,1,0.00%,25.0
"https://spotonauto.com/repair/1993/toyota/sienna/alternator-replacement",0,1,0.00%,30.0
"https://spotonauto.com/repair/1993/toyota/tacoma/radiator-replacement",0,4,0.00%,9.8
"https://spotonauto.com/repair/1993/toyota/tacoma/serpentine-belt-replacement",0,1,0.00%,6.0
"https://spotonauto.com/repair/1993/toyota/tacoma/starter-replacement",0,2,0.00%,4.0
"https://spotonauto.com/repair/1993/toyota/tacoma/water-pump-replacement",0,5,0.00%,28.6
"https://spotonauto.com/repair/1993/toyota/tundra/water-pump-replacement",0,2,0.00%,72.0
"https://spotonauto.com/repair/1994/bmw/3-series/radiator-replacement",0,4,0.00%,10.0
"https://spotonauto.com/repair/1994/bmw/3-series/serpentine-belt-replacement",0,3,0.00%,7.0
"https://spotonauto.com/repair/1994/bmw/5-series/alternator-replacement",0,1,0.00%,17.0
"https://spotonauto.com/repair/1994/bmw/x3/water-pump-replacement",0,3,0.00%,89.0
"https://spotonauto.com/repair/1994/bmw/x5/engine-air-filter-replacement",0,1,0.00%,94.0
"https://spotonauto.com/repair/1994/chevrolet/impala/serpentine-belt-replacement",0,1,0.00%,62.0
"https://spotonauto.com/repair/1994/chevrolet/malibu/cabin-air-filter-replacement",0,2,0.00%,88.5
"https://spotonauto.com/repair/1994/chevrolet/malibu/water-pump-replacement",0,3,0.00%,53.7
"https://spotonauto.com/repair/1994/chevrolet/silverado/alternator-replacement",0,3,0.00%,6.3
"https://spotonauto.com/repair/1994/chevrolet/silverado/engine-air-filter-replacement",0,1,0.00%,6.0
"https://spotonauto.com/repair/1994/chevrolet/silverado/oil-change",0,1,0.00%,9.0
"https://spotonauto.com/repair/1994/chevrolet/silverado/starter-replacement",0,5,0.00%,12.2
"https://spotonauto.com/repair/1994/chevrolet/suburban/brake-pad-replacement",0,1,0.00%,9.0
"https://spotonauto.com/repair/1994/chevrolet/suburban/thermostat-replacement",0,9,0.00%,4.9
"https://spotonauto.com/repair/1994/chevrolet/tahoe/radiator-replacement",0,2,0.00%,8.0
"https://spotonauto.com/repair/1994/chevrolet/tahoe/serpentine-belt-replacement",0,4,0.00%,20.0
"https://spotonauto.com/repair/1994/ford/edge/serpentine-belt-replacement",0,1,0.00%,50.0
"https://spotonauto.com/repair/1994/ford/explorer/headlight-bulb-replacement",0,1,0.00%,17.0
"https://spotonauto.com/repair/1994/ford/explorer/radiator-replacement",0,2,0.00%,9.0
"https://spotonauto.com/repair/1994/ford/f-150/alternator-replacement",0,5,0.00%,7.8
"https://spotonauto.com/repair/1994/ford/f-150/cabin-air-filter-replacement",0,8,0.00%,8.9
"https://spotonauto.com/repair/1994/ford/f-150/oil-change",0,1,0.00%,9.0
"https://spotonauto.com/repair/1994/ford/f-150/serpentine-belt-replacement",0,1,0.00%,10.0
"https://spotonauto.com/repair/1994/ford/mustang/thermostat-replacement",0,1,0.00%,7.0
"https://spotonauto.com/repair/1994/honda/accord/oil-change",0,3,0.00%,6.7
"https://spotonauto.com/repair/1994/honda/civic/thermostat-replacement",0,2,0.00%,6.5
"https://spotonauto.com/repair/1994/honda/cr-v/oil-change",0,1,0.00%,2.0
"https://spotonauto.com/repair/1994/jeep/cherokee/brake-pad-replacement",0,1,0.00%,11.0
"https://spotonauto.com/repair/1994/jeep/cherokee/oil-change",0,1,0.00%,8.0
"https://spotonauto.com/repair/1994/jeep/grand-cherokee/alternator-replacement",0,1,0.00%,9.0
"https://spotonauto.com/repair/1994/jeep/grand-cherokee/radiator-replacement",0,2,0.00%,12.5
"https://spotonauto.com/repair/1994/jeep/grand-cherokee/serpentine-belt-replacement",0,2,0.00%,16.0
"https://spotonauto.com/repair/1994/jeep/wrangler/alternator-replacement",0,1,0.00%,6.0
"https://spotonauto.com/repair/1994/jeep/wrangler/oil-change",0,7,0.00%,6.7
"https://spotonauto.com/repair/1994/kia/sportage/starter-replacement",0,1,0.00%,72.0
"https://spotonauto.com/repair/1994/mercedes/c-class/brake-rotor-replacement",0,1,0.00%,70.0
"https://spotonauto.com/repair/1994/nissan/pathfinder/battery-replacement",0,1,0.00%,9.0
"https://spotonauto.com/repair/1994/nissan/pathfinder/brake-rotor-replacement",0,4,0.00%,5.8
"https://spotonauto.com/repair/1994/nissan/sentra/serpentine-belt-replacement",0,6,0.00%,6.5
"https://spotonauto.com/repair/1994/nissan/versa/serpentine-belt-replacement",0,1,0.00%,2.0
"https://spotonauto.com/repair/1994/nissan/versa/starter-replacement",0,1,0.00%,5.0
"https://spotonauto.com/repair/1994/nissan/versa/thermostat-replacement",0,1,0.00%,38.0
"https://spotonauto.com/repair/1994/nissan/versa/water-pump-replacement",0,1,0.00%,5.0
"https://spotonauto.com/repair/1994/subaru/outback/serpentine-belt-replacement",0,1,0.00%,47.0
"https://spotonauto.com/repair/1994/subaru/outback/thermostat-replacement",0,2,0.00%,5.0
"https://spotonauto.com/repair/1994/toyota/corolla/battery-replacement",0,3,0.00%,35.3
"https://spotonauto.com/repair/1994/toyota/corolla/brake-pad-replacement",0,1,0.00%,9.0
"https://spotonauto.com/repair/1994/toyota/corolla/brake-rotor-replacement",0,1,0.00%,8.0
"https://spotonauto.com/repair/1994/toyota/corolla/headlight-bulb-replacement",0,2,0.00%,46.0
"https://spotonauto.com/repair/1994/toyota/corolla/serpentine-belt-replacement",0,6,0.00%,7.7
"https://spotonauto.com/repair/1994/toyota/corolla/starter-replacement",0,2,0.00%,11.0
"https://spotonauto.com/repair/1994/toyota/prius/alternator-replacement",0,3,0.00%,15.3
"https://spotonauto.com/repair/1994/toyota/prius/battery-replacement",0,4,0.00%,38.5
"https://spotonauto.com/repair/1994/toyota/prius/radiator-replacement",0,1,0.00%,3.0
"https://spotonauto.com/repair/1994/toyota/prius/starter-replacement",0,1,0.00%,8.0
"https://spotonauto.com/repair/1994/toyota/rav4/alternator-replacement",0,1,0.00%,22.0
"https://spotonauto.com/repair/1994/toyota/rav4/cabin-air-filter-replacement",0,1,0.00%,6.0
"https://spotonauto.com/repair/1995/bmw/3-series/serpentine-belt-replacement",0,1,0.00%,7.0
"https://spotonauto.com/repair/1995/bmw/x3/thermostat-replacement",0,1,0.00%,92.0
"https://spotonauto.com/repair/1995/chevrolet/impala/battery-replacement",0,3,0.00%,36.7
"https://spotonauto.com/repair/1995/chevrolet/impala/starter-replacement",0,3,0.00%,6.0
"https://spotonauto.com/repair/1995/chevrolet/malibu/brake-pad-replacement",0,1,0.00%,48.0
"https://spotonauto.com/repair/1995/chevrolet/silverado/cabin-air-filter-replacement",0,1,0.00%,7.0
"https://spotonauto.com/repair/1995/chevrolet/silverado/thermostat-replacement",0,2,0.00%,7.5
"https://spotonauto.com/repair/1995/chevrolet/suburban/brake-pad-replacement",0,1,0.00%,4.0
"https://spotonauto.com/repair/1995/chevrolet/suburban/brake-rotor-replacement",0,2,0.00%,5.0
"https://spotonauto.com/repair/1995/chevrolet/suburban/headlight-bulb-replacement",0,2,0.00%,7.0
"https://spotonauto.com/repair/1995/chevrolet/suburban/starter-replacement",0,3,0.00%,6.7
"https://spotonauto.com/repair/1995/chevrolet/suburban/thermostat-replacement",0,1,0.00%,5.0
"https://spotonauto.com/repair/1995/ford/explorer/alternator-replacement",0,6,0.00%,8.0
"https://spotonauto.com/repair/1995/ford/explorer/engine-air-filter-replacement",0,2,0.00%,4.5
"https://spotonauto.com/repair/1995/ford/f-150/oil-change",0,1,0.00%,7.0
"https://spotonauto.com/repair/1995/ford/f-150/spark-plug-replacement",0,7,0.00%,15.3
"https://spotonauto.com/repair/1995/ford/f-150/thermostat-replacement",0,4,0.00%,12.5
"https://spotonauto.com/repair/1995/ford/focus/starter-replacement",0,3,0.00%,7.3
"https://spotonauto.com/repair/1995/ford/focus/water-pump-replacement",0,1,0.00%,34.0
"https://spotonauto.com/repair/1995/ford/mustang/alternator-replacement",0,1,0.00%,18.0
"https://spotonauto.com/repair/1995/honda/accord/water-pump-replacement",0,13,0.00%,14.6
"https://spotonauto.com/repair/1995/honda/civic/brake-rotor-replacement",0,2,0.00%,23.0
"https://spotonauto.com/repair/1995/honda/civic/headlight-bulb-replacement",0,2,0.00%,16.0
"https://spotonauto.com/repair/1995/honda/civic/radiator-replacement",0,1,0.00%,13.0
"https://spotonauto.com/repair/1995/honda/fit/headlight-bulb-replacement",0,1,0.00%,68.0
"https://spotonauto.com/repair/1995/honda/odyssey/alternator-replacement",0,1,0.00%,9.0
"https://spotonauto.com/repair/1995/honda/pilot/battery-replacement",0,4,0.00%,54.3
"https://spotonauto.com/repair/1995/honda/pilot/brake-rotor-replacement",0,1,0.00%,95.0
"https://spotonauto.com/repair/1995/honda/pilot/serpentine-belt-replacement",0,5,0.00%,55.2
"https://spotonauto.com/repair/1995/honda/pilot/spark-plug-replacement",0,2,0.00%,33.5
"https://spotonauto.com/repair/1995/hyundai/elantra/battery-replacement",0,2,0.00%,33.0
"https://spotonauto.com/repair/1995/jeep/cherokee/cabin-air-filter-replacement",0,1,0.00%,5.0
"https://spotonauto.com/repair/1995/jeep/cherokee/radiator-replacement",0,1,0.00%,8.0
"https://spotonauto.com/repair/1995/jeep/cherokee/starter-replacement",0,9,0.00%,11.1
"https://spotonauto.com/repair/1995/jeep/wrangler/battery-replacement",0,1,0.00%,4.0
"https://spotonauto.com/repair/1995/kia/optima/starter-replacement",0,4,0.00%,5.0
"https://spotonauto.com/repair/1995/kia/optima/water-pump-replacement",0,1,0.00%,12.0
"https://spotonauto.com/repair/1995/kia/sorento/brake-pad-replacement",0,1,0.00%,10.0
"https://spotonauto.com/repair/1995/kia/soul/radiator-replacement",0,1,0.00%,22.0
"https://spotonauto.com/repair/1995/kia/sportage/radiator-replacement",0,2,0.00%,12.0
"https://spotonauto.com/repair/1995/mercedes/c-class/spark-plug-replacement",0,1,0.00%,5.0
"https://spotonauto.com/repair/1995/mercedes/e-class/battery-replacement",0,3,0.00%,36.3
"https://spotonauto.com/repair/1995/nissan/altima/spark-plug-replacement",0,1,0.00%,7.0
"https://spotonauto.com/repair/1995/nissan/altima/starter-replacement",0,4,0.00%,6.0
"https://spotonauto.com/repair/1995/nissan/pathfinder/serpentine-belt-replacement",0,1,0.00%,7.0
"https://spotonauto.com/repair/1995/nissan/rogue/battery-replacement",0,2,0.00%,4.5
"https://spotonauto.com/repair/1995/nissan/rogue/water-pump-replacement",0,1,0.00%,58.0
"https://spotonauto.com/repair/1995/nissan/sentra/brake-rotor-replacement",0,3,0.00%,11.3
"https://spotonauto.com/repair/1995/nissan/sentra/oil-change",0,3,0.00%,8.7
"https://spotonauto.com/repair/1995/nissan/sentra/starter-replacement",0,1,0.00%,6.0
"https://spotonauto.com/repair/1995/nissan/versa/serpentine-belt-replacement",0,1,0.00%,85.0
"https://spotonauto.com/repair/1995/nissan/versa/starter-replacement",0,1,0.00%,24.0
"https://spotonauto.com/repair/1995/subaru/forester/starter-replacement",0,2,0.00%,32.0
"https://spotonauto.com/repair/1995/subaru/outback/spark-plug-replacement",0,1,0.00%,7.0
"https://spotonauto.com/repair/1995/subaru/outback/starter-replacement",0,1,0.00%,10.0
"https://spotonauto.com/repair/1995/toyota/camry/battery-replacement",0,6,0.00%,18.0
"https://spotonauto.com/repair/1995/toyota/camry/spark-plug-replacement",0,1,0.00%,9.0
"https://spotonauto.com/repair/1995/toyota/camry/starter-replacement",0,11,0.00%,12.5
"https://spotonauto.com/repair/1995/toyota/corolla/brake-rotor-replacement",0,1,0.00%,2.0
"https://spotonauto.com/repair/1995/toyota/corolla/cabin-air-filter-replacement",0,5,0.00%,24.4
"https://spotonauto.com/repair/1995/toyota/corolla/engine-air-filter-replacement",0,1,0.00%,10.0
"https://spotonauto.com/repair/1995/toyota/corolla/serpentine-belt-replacement",0,7,0.00%,29.4
"https://spotonauto.com/repair/1995/toyota/corolla/starter-replacement",0,5,0.00%,28.2
"https://spotonauto.com/repair/1995/toyota/corolla/water-pump-replacement",0,1,0.00%,9.0
"https://spotonauto.com/repair/1995/toyota/prius/alternator-replacement",0,3,0.00%,10.3
"https://spotonauto.com/repair/1995/toyota/prius/brake-pad-replacement",0,1,0.00%,45.0
"https://spotonauto.com/repair/1995/toyota/rav4/spark-plug-replacement",0,1,0.00%,11.0
"https://spotonauto.com/repair/1995/toyota/tacoma/serpentine-belt-replacement",0,5,0.00%,19.8
"https://spotonauto.com/repair/1995/toyota/tundra/water-pump-replacement",0,1,0.00%,12.0
"https://spotonauto.com/repair/1996/bmw/x5/cabin-air-filter-replacement",0,1,0.00%,74.0
"https://spotonauto.com/repair/1996/chevrolet/equinox/water-pump-replacement",0,2,0.00%,58.5
"https://spotonauto.com/repair/1996/chevrolet/impala/cabin-air-filter-replacement",0,3,0.00%,11.7
"https://spotonauto.com/repair/1996/chevrolet/silverado/starter-replacement",0,1,0.00%,15.0
"https://spotonauto.com/repair/1996/chevrolet/suburban/headlight-bulb-replacement",0,1,0.00%,5.0
"https://spotonauto.com/repair/1996/chevrolet/suburban/radiator-replacement",0,2,0.00%,7.0
"https://spotonauto.com/repair/1996/chevrolet/tahoe/cabin-air-filter-replacement",0,2,0.00%,6.0
"https://spotonauto.com/repair/1996/chevrolet/tahoe/serpentine-belt-replacement",0,1,0.00%,7.0
"https://spotonauto.com/repair/1996/ford/explorer/brake-rotor-replacement",0,2,0.00%,8.0
"https://spotonauto.com/repair/1996/ford/explorer/thermostat-replacement",0,3,0.00%,6.3
"https://spotonauto.com/repair/1996/ford/f-150/spark-plug-replacement",0,1,0.00%,7.0
"https://spotonauto.com/repair/1996/ford/fusion/brake-pad-replacement",0,1,0.00%,3.0
"https://spotonauto.com/repair/1996/ford/fusion/cabin-air-filter-replacement",0,2,0.00%,13.5
"https://spotonauto.com/repair/1996/ford/mustang/alternator-replacement",0,1,0.00%,6.0
"https://spotonauto.com/repair/1996/ford/mustang/battery-replacement",0,5,0.00%,8.6
"https://spotonauto.com/repair/1996/ford/mustang/serpentine-belt-replacement",0,1,0.00%,8.0
"https://spotonauto.com/repair/1996/honda/accord/battery-replacement",0,1,0.00%,8.0
"https://spotonauto.com/repair/1996/honda/civic/alternator-replacement",0,4,0.00%,11.3
"https://spotonauto.com/repair/1996/honda/civic/cabin-air-filter-replacement",0,6,0.00%,9.2
"https://spotonauto.com/repair/1996/honda/civic/headlight-bulb-replacement",0,3,0.00%,10.3
"https://spotonauto.com/repair/1996/honda/civic/serpentine-belt-replacement",0,1,0.00%,7.0
"https://spotonauto.com/repair/1996/honda/cr-v/alternator-replacement",0,1,0.00%,4.0
"https://spotonauto.com/repair/1996/honda/odyssey/battery-replacement",0,2,0.00%,15.5
"https://spotonauto.com/repair/1996/honda/odyssey/engine-air-filter-replacement",0,2,0.00%,82.0
"https://spotonauto.com/repair/1996/honda/odyssey/spark-plug-replacement",0,1,0.00%,7.0
"https://spotonauto.com/repair/1996/honda/pilot/engine-air-filter-replacement",0,1,0.00%,82.0
"https://spotonauto.com/repair/1996/honda/pilot/serpentine-belt-replacement",0,1,0.00%,87.0
"https://spotonauto.com/repair/1996/hyundai/elantra/starter-replacement",0,2,0.00%,7.5
"https://spotonauto.com/repair/1996/hyundai/santa-fe/serpentine-belt-replacement",0,2,0.00%,3.0
"https://spotonauto.com/repair/1996/hyundai/sonata/alternator-replacement",0,1,0.00%,9.0
"https://spotonauto.com/repair/1996/jeep/cherokee/battery-replacement",0,5,0.00%,19.2
"https://spotonauto.com/repair/1996/jeep/wrangler/water-pump-replacement",0,1,0.00%,54.0
"https://spotonauto.com/repair/1996/mercedes/c-class/water-pump-replacement",0,3,0.00%,20.0
"https://spotonauto.com/repair/1996/nissan/altima/alternator-replacement",0,1,0.00%,6.0
"https://spotonauto.com/repair/1996/nissan/altima/water-pump-replacement",0,2,0.00%,6.5
"https://spotonauto.com/repair/1996/nissan/pathfinder/starter-replacement",0,2,0.00%,6.0
"https://spotonauto.com/repair/1996/nissan/sentra/headlight-bulb-replacement",0,2,0.00%,6.0
"https://spotonauto.com/repair/1996/nissan/sentra/serpentine-belt-replacement",0,2,0.00%,7.5
"https://spotonauto.com/repair/1996/subaru/crosstrek/thermostat-replacement",0,3,0.00%,50.0
"https://spotonauto.com/repair/1996/subaru/forester/serpentine-belt-replacement",0,5,0.00%,55.8
"https://spotonauto.com/repair/1996/subaru/forester/thermostat-replacement",0,1,0.00%,99.0
"https://spotonauto.com/repair/1996/subaru/outback/alternator-replacement",0,3,0.00%,29.7
"https://spotonauto.com/repair/1996/toyota/camry/thermostat-replacement",0,2,0.00%,9.0
"https://spotonauto.com/repair/1996/toyota/camry/water-pump-replacement",0,2,0.00%,52.5
"https://spotonauto.com/repair/1996/toyota/corolla/battery-replacement",0,6,0.00%,6.8
"https://spotonauto.com/repair/1996/toyota/corolla/serpentine-belt-replacement",0,3,0.00%,10.7
"https://spotonauto.com/repair/1996/toyota/corolla/thermostat-replacement",0,1,0.00%,21.0
"https://spotonauto.com/repair/1996/toyota/rav4/thermostat-replacement",0,3,0.00%,13.7
"https://spotonauto.com/repair/1996/toyota/rav4/water-pump-replacement",0,2,0.00%,11.5
"https://spotonauto.com/repair/1996/toyota/sienna/spark-plug-replacement",0,2,0.00%,55.0
"https://spotonauto.com/repair/1996/toyota/tacoma/brake-rotor-replacement",0,1,0.00%,10.0
"https://spotonauto.com/repair/1996/toyota/tacoma/serpentine-belt-replacement",0,4,0.00%,6.5
"https://spotonauto.com/repair/1997/bmw/5-series/battery-replacement",0,7,0.00%,10.3
"https://spotonauto.com/repair/1997/bmw/5-series/water-pump-replacement",0,1,0.00%,10.0
"https://spotonauto.com/repair/1997/bmw/x3/battery-replacement",0,11,0.00%,74.6
"https://spotonauto.com/repair/1997/bmw/x5/starter-replacement",0,3,0.00%,29.7
"https://spotonauto.com/repair/1997/chevrolet/malibu/battery-replacement",0,3,0.00%,11.3
"https://spotonauto.com/repair/1997/chevrolet/malibu/thermostat-replacement",0,6,0.00%,6.5
"https://spotonauto.com/repair/1997/chevrolet/suburban/alternator-replacement",0,2,0.00%,6.5
"https://spotonauto.com/repair/1997/chevrolet/tahoe/alternator-replacement",0,1,0.00%,5.0
"https://spotonauto.com/repair/1997/chevrolet/tahoe/engine-air-filter-replacement",0,1,0.00%,7.0
"https://spotonauto.com/repair/1997/chevrolet/tahoe/headlight-bulb-replacement",0,1,0.00%,22.0
"https://spotonauto.com/repair/1997/ford/edge/radiator-replacement",0,1,0.00%,4.0
"https://spotonauto.com/repair/1997/ford/escape/serpentine-belt-replacement",0,1,0.00%,40.0
"https://spotonauto.com/repair/1997/ford/explorer/engine-air-filter-replacement",0,2,0.00%,8.5
"https://spotonauto.com/repair/1997/ford/explorer/serpentine-belt-replacement",0,12,0.00%,7.6
"https://spotonauto.com/repair/1997/ford/f-150/headlight-bulb-replacement",0,3,0.00%,25.7
"https://spotonauto.com/repair/1997/ford/f-150/serpentine-belt-replacement",0,1,0.00%,8.0
"https://spotonauto.com/repair/1997/ford/fusion/alternator-replacement",0,1,0.00%,7.0
"https://spotonauto.com/repair/1997/honda/accord/alternator-replacement",0,3,0.00%,14.3
"https://spotonauto.com/repair/1997/honda/accord/brake-rotor-replacement",0,1,0.00%,23.0
"https://spotonauto.com/repair/1997/honda/accord/serpentine-belt-replacement",0,3,0.00%,34.3
"https://spotonauto.com/repair/1997/honda/accord/thermostat-replacement",0,1,0.00%,4.0
"https://spotonauto.com/repair/1997/honda/civic/brake-pad-replacement",0,1,0.00%,8.0
"https://spotonauto.com/repair/1997/honda/civic/oil-change",0,2,0.00%,9.5
"https://spotonauto.com/repair/1997/honda/cr-v/spark-plug-replacement",0,3,0.00%,8.0
"https://spotonauto.com/repair/1997/honda/cr-v/thermostat-replacement",0,2,0.00%,7.0
"https://spotonauto.com/repair/1997/hyundai/elantra/oil-change",0,1,0.00%,12.0
"https://spotonauto.com/repair/1997/hyundai/sonata/oil-change",0,4,0.00%,4.0
"https://spotonauto.com/repair/1997/jeep/cherokee/spark-plug-replacement",0,4,0.00%,9.0
"https://spotonauto.com/repair/1997/jeep/grand-cherokee/alternator-replacement",0,2,0.00%,31.5
"https://spotonauto.com/repair/1997/jeep/grand-cherokee/spark-plug-replacement",0,1,0.00%,8.0
"https://spotonauto.com/repair/1997/jeep/grand-cherokee/thermostat-replacement",0,3,0.00%,30.3
"https://spotonauto.com/repair/1997/kia/optima/brake-pad-replacement",0,1,0.00%,92.0
"https://spotonauto.com/repair/1997/kia/sorento/water-pump-replacement",0,42,0.00%,8.7
"https://spotonauto.com/repair/1997/kia/sportage/cabin-air-filter-replacement",0,1,0.00%,6.0
"https://spotonauto.com/repair/1997/kia/sportage/water-pump-replacement",0,3,0.00%,19.3
"https://spotonauto.com/repair/1997/mercedes/c-class/alternator-replacement",0,2,0.00%,16.0
"https://spotonauto.com/repair/1997/mercedes/c-class/oil-change",0,1,0.00%,7.0
"https://spotonauto.com/repair/1997/mercedes/glc/cabin-air-filter-replacement",0,1,0.00%,10.0
"https://spotonauto.com/repair/1997/mercedes/gle/radiator-replacement",0,1,0.00%,8.0
"https://spotonauto.com/repair/1997/mercedes/gle/spark-plug-replacement",0,1,0.00%,21.0
"https://spotonauto.com/repair/1997/nissan/altima/starter-replacement",0,7,0.00%,8.4
"https://spotonauto.com/repair/1997/nissan/altima/water-pump-replacement",0,4,0.00%,41.0
"https://spotonauto.com/repair/1997/nissan/pathfinder/spark-plug-replacement",0,1,0.00%,10.0
"https://spotonauto.com/repair/1997/nissan/pathfinder/thermostat-replacement",0,2,0.00%,7.5
"https://spotonauto.com/repair/1997/nissan/sentra/brake-pad-replacement",0,1,0.00%,7.0
"https://spotonauto.com/repair/1997/nissan/versa/alternator-replacement",0,1,0.00%,4.0
"https://spotonauto.com/repair/1997/nissan/versa/oil-change",0,1,0.00%,15.0
"https://spotonauto.com/repair/1997/nissan/versa/serpentine-belt-replacement",0,1,0.00%,24.0
"https://spotonauto.com/repair/1997/subaru/crosstrek/brake-pad-replacement",0,1,0.00%,133.0
"https://spotonauto.com/repair/1997/subaru/crosstrek/serpentine-belt-replacement",0,1,0.00%,32.0
"https://spotonauto.com/repair/1997/subaru/forester/spark-plug-replacement",0,1,0.00%,42.0
"https://spotonauto.com/repair/1997/subaru/outback/engine-air-filter-replacement",0,1,0.00%,4.0
"https://spotonauto.com/repair/1997/subaru/outback/oil-change",0,2,0.00%,4.5
"https://spotonauto.com/repair/1997/toyota/camry/alternator-replacement",0,5,0.00%,9.8
"https://spotonauto.com/repair/1997/toyota/camry/brake-rotor-replacement",0,2,0.00%,6.5
"https://spotonauto.com/repair/1997/toyota/corolla/cabin-air-filter-replacement",0,1,0.00%,9.0
"https://spotonauto.com/repair/1997/toyota/corolla/engine-air-filter-replacement",0,2,0.00%,10.0
"https://spotonauto.com/repair/1997/toyota/corolla/headlight-bulb-replacement",0,3,0.00%,49.7
"https://spotonauto.com/repair/1997/toyota/highlander/alternator-replacement",0,1,0.00%,10.0
"https://spotonauto.com/repair/1997/toyota/prius/brake-pad-replacement",0,1,0.00%,31.0
"https://spotonauto.com/repair/1997/toyota/prius/spark-plug-replacement",0,1,0.00%,9.0
"https://spotonauto.com/repair/1997/toyota/rav4/spark-plug-replacement",0,1,0.00%,6.0
"https://spotonauto.com/repair/1998/bmw/3-series/radiator-replacement",0,3,0.00%,6.0
"https://spotonauto.com/repair/1998/bmw/x3/headlight-bulb-replacement",0,2,0.00%,64.5
"https://spotonauto.com/repair/1998/bmw/x5/brake-pad-replacement",0,1,0.00%,7.0
"https://spotonauto.com/repair/1998/chevrolet/impala/serpentine-belt-replacement",0,1,0.00%,49.0
"https://spotonauto.com/repair/1998/chevrolet/malibu/headlight-bulb-replacement",0,2,0.00%,9.0
"https://spotonauto.com/repair/1998/chevrolet/malibu/starter-replacement",0,7,0.00%,6.6
"https://spotonauto.com/repair/1998/chevrolet/silverado/headlight-bulb-replacement",0,1,0.00%,10.0
"https://spotonauto.com/repair/1998/chevrolet/silverado/oil-change",0,1,0.00%,9.0
"https://spotonauto.com/repair/1998/chevrolet/silverado/serpentine-belt-replacement",0,2,0.00%,4.5
"https://spotonauto.com/repair/1998/chevrolet/suburban/headlight-bulb-replacement",0,1,0.00%,6.0
"https://spotonauto.com/repair/1998/chevrolet/suburban/thermostat-replacement",0,4,0.00%,6.8
"https://spotonauto.com/repair/1998/chevrolet/tahoe/engine-air-filter-replacement",0,1,0.00%,29.0
"https://spotonauto.com/repair/1998/chevrolet/tahoe/starter-replacement",0,15,0.00%,8.0
"https://spotonauto.com/repair/1998/ford/escape/serpentine-belt-replacement",0,1,0.00%,27.0
"https://spotonauto.com/repair/1998/ford/explorer/brake-pad-replacement",0,1,0.00%,48.0
"https://spotonauto.com/repair/1998/ford/explorer/serpentine-belt-replacement",0,1,0.00%,23.0
"https://spotonauto.com/repair/1998/ford/explorer/starter-replacement",0,3,0.00%,9.3
"https://spotonauto.com/repair/1998/ford/explorer/thermostat-replacement",0,3,0.00%,18.3
"https://spotonauto.com/repair/1998/ford/f-150/radiator-replacement",0,8,0.00%,8.1
"https://spotonauto.com/repair/1998/ford/f-150/serpentine-belt-replacement",0,10,0.00%,13.5
"https://spotonauto.com/repair/1998/ford/f-150/starter-replacement",0,5,0.00%,11.2
"https://spotonauto.com/repair/1998/ford/focus/alternator-replacement",0,1,0.00%,10.0
"https://spotonauto.com/repair/1998/ford/focus/water-pump-replacement",0,1,0.00%,64.0
"https://spotonauto.com/repair/1998/ford/fusion/battery-replacement",0,1,0.00%,9.0
"https://spotonauto.com/repair/1998/ford/mustang/cabin-air-filter-replacement",0,4,0.00%,8.8
"https://spotonauto.com/repair/1998/honda/accord/alternator-replacement",0,1,0.00%,42.0
"https://spotonauto.com/repair/1998/honda/cr-v/engine-air-filter-replacement",0,1,0.00%,8.0
"https://spotonauto.com/repair/1998/honda/cr-v/radiator-replacement",0,1,0.00%,18.0
"https://spotonauto.com/repair/1998/honda/cr-v/starter-replacement",0,2,0.00%,7.5
"https://spotonauto.com/repair/1998/honda/cr-v/thermostat-replacement",0,6,0.00%,7.0
"https://spotonauto.com/repair/1998/honda/fit/battery-replacement",0,3,0.00%,49.7
"https://spotonauto.com/repair/1998/honda/odyssey/spark-plug-replacement",0,2,0.00%,64.5
"https://spotonauto.com/repair/1998/honda/pilot/serpentine-belt-replacement",0,1,0.00%,45.0
"https://spotonauto.com/repair/1998/hyundai/elantra/battery-replacement",0,4,0.00%,11.0
"https://spotonauto.com/repair/1998/hyundai/elantra/brake-pad-replacement",0,1,0.00%,4.0
"https://spotonauto.com/repair/1998/hyundai/elantra/thermostat-replacement",0,2,0.00%,6.5
"https://spotonauto.com/repair/1998/hyundai/sonata/serpentine-belt-replacement",0,3,0.00%,7.7
"https://spotonauto.com/repair/1998/hyundai/sonata/spark-plug-replacement",0,1,0.00%,9.0
"https://spotonauto.com/repair/1998/jeep/cherokee/battery-replacement",0,1,0.00%,10.0
"https://spotonauto.com/repair/1998/jeep/cherokee/spark-plug-replacement",0,1,0.00%,137.0
"https://spotonauto.com/repair/1998/jeep/grand-cherokee/spark-plug-replacement",0,1,0.00%,6.0
"https://spotonauto.com/repair/1998/kia/optima/serpentine-belt-replacement",0,1,0.00%,61.0
"https://spotonauto.com/repair/1998/kia/optima/starter-replacement",0,1,0.00%,6.0
"https://spotonauto.com/repair/1998/kia/optima/water-pump-replacement",0,2,0.00%,25.0
"https://spotonauto.com/repair/1998/kia/sportage/spark-plug-replacement",0,5,0.00%,8.4
"https://spotonauto.com/repair/1998/mercedes/c-class/alternator-replacement",0,5,0.00%,15.0
"https://spotonauto.com/repair/1998/mercedes/gle/headlight-bulb-replacement",0,1,0.00%,21.0
"https://spotonauto.com/repair/1998/mercedes/gle/thermostat-replacement",0,1,0.00%,11.0
"https://spotonauto.com/repair/1998/nissan/altima/cabin-air-filter-replacement",0,1,0.00%,8.0
"https://spotonauto.com/repair/1998/nissan/pathfinder/brake-pad-replacement",0,1,0.00%,2.0
"https://spotonauto.com/repair/1998/nissan/pathfinder/oil-change",0,9,0.00%,8.8
"https://spotonauto.com/repair/1998/nissan/pathfinder/serpentine-belt-replacement",0,12,0.00%,13.8
"https://spotonauto.com/repair/1998/nissan/pathfinder/thermostat-replacement",0,6,0.00%,9.7
"https://spotonauto.com/repair/1998/nissan/sentra/brake-pad-replacement",0,2,0.00%,9.0
"https://spotonauto.com/repair/1998/nissan/sentra/oil-change",0,2,0.00%,4.0
"https://spotonauto.com/repair/1998/nissan/sentra/starter-replacement",0,3,0.00%,6.7
"https://spotonauto.com/repair/1998/nissan/versa/radiator-replacement",0,1,0.00%,10.0
"https://spotonauto.com/repair/1998/subaru/crosstrek/serpentine-belt-replacement",0,2,0.00%,31.5
"https://spotonauto.com/repair/1998/toyota/camry/alternator-replacement",0,1,0.00%,79.0
"https://spotonauto.com/repair/1998/toyota/camry/battery-replacement",0,4,0.00%,21.3
"https://spotonauto.com/repair/1998/toyota/camry/brake-pad-replacement",0,1,0.00%,12.0
"https://spotonauto.com/repair/1998/toyota/camry/spark-plug-replacement",0,7,0.00%,15.4
"https://spotonauto.com/repair/1998/toyota/camry/starter-replacement",0,3,0.00%,21.3
"https://spotonauto.com/repair/1998/toyota/corolla/battery-replacement",0,2,0.00%,43.0
"https://spotonauto.com/repair/1998/toyota/corolla/starter-replacement",0,4,0.00%,7.0
"https://spotonauto.com/repair/1998/toyota/rav4/alternator-replacement",0,8,0.00%,6.8
"https://spotonauto.com/repair/1998/toyota/rav4/brake-pad-replacement",0,1,0.00%,6.0
"https://spotonauto.com/repair/1998/toyota/rav4/spark-plug-replacement",0,1,0.00%,11.0
"https://spotonauto.com/repair/1998/toyota/rav4/water-pump-replacement",0,3,0.00%,5.3
"https://spotonauto.com/repair/1998/toyota/sienna/radiator-replacement",0,2,0.00%,4.5
"https://spotonauto.com/repair/1998/toyota/tacoma/engine-air-filter-replacement",0,1,0.00%,6.0
"https://spotonauto.com/repair/1998/toyota/tacoma/serpentine-belt-replacement",0,6,0.00%,25.8
"https://spotonauto.com/repair/1998/toyota/tacoma/spark-plug-replacement",0,4,0.00%,15.5
"https://spotonauto.com/repair/1998/toyota/tacoma/starter-replacement",0,1,0.00%,31.0
"https://spotonauto.com/repair/1998/toyota/tundra/water-pump-replacement",0,1,0.00%,2.0
"https://spotonauto.com/repair/1999/bmw/5-series/radiator-replacement",0,1,0.00%,7.0
"https://spotonauto.com/repair/1999/bmw/5-series/thermostat-replacement",0,4,0.00%,5.3
"https://spotonauto.com/repair/1999/bmw/x3/brake-rotor-replacement",0,1,0.00%,91.0
"https://spotonauto.com/repair/1999/bmw/x3/starter-replacement",0,1,0.00%,80.0
"https://spotonauto.com/repair/1999/bmw/x5/spark-plug-replacement",0,1,0.00%,47.0
"https://spotonauto.com/repair/1999/chevrolet/impala/starter-replacement",0,1,0.00%,7.0
"https://spotonauto.com/repair/1999/chevrolet/malibu/radiator-replacement",0,1,0.00%,4.0
"https://spotonauto.com/repair/1999/chevrolet/silverado/alternator-replacement",0,3,0.00%,8.0
"https://spotonauto.com/repair/1999/chevrolet/suburban/headlight-bulb-replacement",0,3,0.00%,26.0
"https://spotonauto.com/repair/1999/chevrolet/tahoe/radiator-replacement",0,1,0.00%,5.0
"https://spotonauto.com/repair/1999/chevrolet/tahoe/serpentine-belt-replacement",0,17,0.00%,10.2
"https://spotonauto.com/repair/1999/ford/explorer/engine-air-filter-replacement",0,1,0.00%,6.0
"https://spotonauto.com/repair/1999/ford/f-150/cabin-air-filter-replacement",0,1,0.00%,9.0
"https://spotonauto.com/repair/1999/ford/f-150/thermostat-replacement",0,1,0.00%,8.0
"https://spotonauto.com/repair/1999/ford/f-150/water-pump-replacement",0,4,0.00%,7.5
"https://spotonauto.com/repair/1999/ford/focus/alternator-replacement",0,3,0.00%,3.7
"https://spotonauto.com/repair/1999/ford/fusion/battery-replacement",0,1,0.00%,27.0
"https://spotonauto.com/repair/1999/ford/mustang/battery-replacement",0,8,0.00%,46.6
"https://spotonauto.com/repair/1999/ford/mustang/cabin-air-filter-replacement",0,1,0.00%,7.0
"https://spotonauto.com/repair/1999/honda/accord/serpentine-belt-replacement",0,1,0.00%,11.0
"https://spotonauto.com/repair/1999/honda/accord/water-pump-replacement",0,1,0.00%,73.0
"https://spotonauto.com/repair/1999/honda/civic/alternator-replacement",0,7,0.00%,14.9
"https://spotonauto.com/repair/1999/honda/civic/radiator-replacement",0,1,0.00%,6.0
"https://spotonauto.com/repair/1999/honda/cr-v/thermostat-replacement",0,1,0.00%,11.0
"https://spotonauto.com/repair/1999/honda/fit/serpentine-belt-replacement",0,1,0.00%,12.0
"https://spotonauto.com/repair/1999/honda/odyssey/brake-pad-replacement",0,1,0.00%,5.0
"https://spotonauto.com/repair/1999/honda/odyssey/cabin-air-filter-replacement",0,1,0.00%,8.0
"https://spotonauto.com/repair/1999/hyundai/elantra/starter-replacement",0,3,0.00%,33.3
"https://spotonauto.com/repair/1999/hyundai/elantra/thermostat-replacement",0,5,0.00%,2.0
"https://spotonauto.com/repair/1999/jeep/cherokee/spark-plug-replacement",0,2,0.00%,8.5
"https://spotonauto.com/repair/1999/jeep/cherokee/starter-replacement",0,1,0.00%,11.0
"https://spotonauto.com/repair/1999/jeep/grand-cherokee/headlight-bulb-replacement",0,1,0.00%,41.0
"https://spotonauto.com/repair/1999/jeep/grand-cherokee/starter-replacement",0,8,0.00%,30.9
"https://spotonauto.com/repair/1999/jeep/wrangler/battery-replacement",0,4,0.00%,8.5
"https://spotonauto.com/repair/1999/jeep/wrangler/cabin-air-filter-replacement",0,3,0.00%,8.0
"https://spotonauto.com/repair/1999/jeep/wrangler/radiator-replacement",0,1,0.00%,60.0
"https://spotonauto.com/repair/1999/jeep/wrangler/serpentine-belt-replacement",0,1,0.00%,26.0
"https://spotonauto.com/repair/1999/jeep/wrangler/water-pump-replacement",0,5,0.00%,45.8
"https://spotonauto.com/repair/1999/kia/optima/starter-replacement",0,2,0.00%,53.5
"https://spotonauto.com/repair/1999/kia/sorento/serpentine-belt-replacement",0,1,0.00%,22.0
"https://spotonauto.com/repair/1999/kia/sportage/headlight-bulb-replacement",0,1,0.00%,6.0
"https://spotonauto.com/repair/1999/mercedes/c-class/alternator-replacement",0,2,0.00%,6.0
"https://spotonauto.com/repair/1999/mercedes/c-class/brake-pad-replacement",0,1,0.00%,7.0
"https://spotonauto.com/repair/1999/mercedes/c-class/spark-plug-replacement",0,1,0.00%,10.0
"https://spotonauto.com/repair/1999/mercedes/e-class/battery-replacement",0,2,0.00%,7.0
"https://spotonauto.com/repair/1999/mercedes/glc/radiator-replacement",0,1,0.00%,4.0
"https://spotonauto.com/repair/1999/mercedes/gle/alternator-replacement",0,3,0.00%,7.3
"https://spotonauto.com/repair/1999/nissan/altima/spark-plug-replacement",0,1,0.00%,11.0
"https://spotonauto.com/repair/1999/nissan/altima/starter-replacement",0,6,0.00%,31.7
"https://spotonauto.com/repair/1999/nissan/altima/thermostat-replacement",0,11,0.00%,24.6
"https://spotonauto.com/repair/1999/nissan/altima/water-pump-replacement",0,3,0.00%,7.0
"https://spotonauto.com/repair/1999/nissan/pathfinder/alternator-replacement",0,10,0.00%,11.0
"https://spotonauto.com/repair/1999/nissan/pathfinder/spark-plug-replacement",0,7,0.00%,6.7
"https://spotonauto.com/repair/1999/nissan/pathfinder/starter-replacement",0,5,0.00%,7.0
"https://spotonauto.com/repair/1999/nissan/sentra/cabin-air-filter-replacement",0,6,0.00%,6.3
"https://spotonauto.com/repair/1999/nissan/sentra/serpentine-belt-replacement",0,9,0.00%,15.7
"https://spotonauto.com/repair/1999/nissan/sentra/spark-plug-replacement",0,1,0.00%,4.0
"https://spotonauto.com/repair/1999/nissan/sentra/starter-replacement",0,1,0.00%,12.0
"https://spotonauto.com/repair/1999/nissan/sentra/thermostat-replacement",0,2,0.00%,8.5
"https://spotonauto.com/repair/1999/nissan/versa/battery-replacement",0,2,0.00%,58.0
"https://spotonauto.com/repair/1999/nissan/versa/engine-air-filter-replacement",0,1,0.00%,96.0
"https://spotonauto.com/repair/1999/subaru/crosstrek/alternator-replacement",0,1,0.00%,95.0
"https://spotonauto.com/repair/1999/subaru/forester/engine-air-filter-replacement",0,3,0.00%,6.7
"https://spotonauto.com/repair/1999/subaru/forester/headlight-bulb-replacement",0,1,0.00%,7.0
"https://spotonauto.com/repair/1999/subaru/forester/serpentine-belt-replacement",0,2,0.00%,6.5
"https://spotonauto.com/repair/1999/subaru/outback/cabin-air-filter-replacement",0,1,0.00%,9.0
"https://spotonauto.com/repair/1999/toyota/camry/serpentine-belt-replacement",0,1,0.00%,12.0
"https://spotonauto.com/repair/1999/toyota/corolla/alternator-replacement",0,11,0.00%,8.4
"https://spotonauto.com/repair/1999/toyota/corolla/cabin-air-filter-replacement",0,1,0.00%,9.0
"https://spotonauto.com/repair/1999/toyota/corolla/engine-air-filter-replacement",0,1,0.00%,71.0
"https://spotonauto.com/repair/1999/toyota/corolla/headlight-bulb-replacement",0,1,0.00%,7.0
"https://spotonauto.com/repair/1999/toyota/corolla/starter-replacement",0,11,0.00%,22.6
"https://spotonauto.com/repair/1999/toyota/highlander/alternator-replacement",0,2,0.00%,7.5
"https://spotonauto.com/repair/1999/toyota/prius/brake-pad-replacement",0,2,0.00%,44.0
"https://spotonauto.com/repair/1999/toyota/prius/serpentine-belt-replacement",0,1,0.00%,32.0
"https://spotonauto.com/repair/1999/toyota/prius/starter-replacement",0,1,0.00%,7.0
"https://spotonauto.com/repair/1999/toyota/rav4/oil-change",0,2,0.00%,10.0
"https://spotonauto.com/repair/1999/toyota/rav4/radiator-replacement",0,5,0.00%,6.0
"https://spotonauto.com/repair/1999/toyota/rav4/spark-plug-replacement",0,1,0.00%,10.0
"https://spotonauto.com/repair/1999/toyota/sienna/serpentine-belt-replacement",0,6,0.00%,25.8
"https://spotonauto.com/repair/1999/toyota/sienna/water-pump-replacement",0,6,0.00%,6.3
"https://spotonauto.com/repair/1999/toyota/tundra/water-pump-replacement",0,1,0.00%,37.0
"https://spotonauto.com/repair/2000/bmw/5-series/serpentine-belt-replacement",0,1,0.00%,4.0
"https://spotonauto.com/repair/2000/bmw/x3/brake-pad-replacement",0,2,0.00%,43.0
"https://spotonauto.com/repair/2000/bmw/x3/serpentine-belt-replacement",0,1,0.00%,35.0